<?xml version="1.0"?>
<!--<!DOCTYPE metadata SYSTEM "http://www.esri.com/metadata/esriprof80.dtd">-->
<metadata xml:lang="en"><Esri><CreaDate>20020918</CreaDate><CreaTime>09590500</CreaTime><SyncOnce>TRUE</SyncOnce><MetaID>{8BB859E6-A490-4E75-B761-830EA0B7CCF9}</MetaID></Esri><idinfo><citation><citeinfo><onlink Sync="TRUE">\\Falcon\Home2\data\tompkins county data 1999\data\road_centerline\roadcl</onlink></citeinfo></citation></idinfo><distInfo><distributor><distorTran><onLineSrc><linkage Sync="TRUE">file://\\Falcon\Home2\data\tompkins county data 1999\data\road_centerline\roadcl</linkage><protocol Sync="TRUE">Local Area Network</protocol></onLineSrc></distorTran></distributor></distInfo><dataqual><lineage><procstep><procdesc Sync="TRUE">Dataset copied.</procdesc><srcused Sync="TRUE">g:\data\countydatafile\roadcl</srcused><date Sync="TRUE">20020918</date><time Sync="TRUE">09590500</time></procstep></lineage></dataqual></metadata>
