<metadata xml:lang="en"><Esri><CreaDate>20100513</CreaDate><CreaTime>18250600</CreaTime><SyncOnce>FALSE</SyncOnce><DataProperties><lineage><Process Name="Create Feature Class" ToolSource="C:\Program Files\ArcGIS\ArcToolbox\Toolboxes\Data Management Tools.tbx\CreateFeatureclass" Date="20040712" Time="134623">CreateFeatureclass C:\AGIS\Data\SpatialStats\Dengue\ExerciseData Cases_3 # CASES2_Layer SAME_AS_TEMPLATE SAME_AS_TEMPLATE "PROJCS['WGS_1984_UTM_Zone_44N',GEOGCS['GCS_WGS_1984',DATUM['D_WGS_1984',SPHEROID['WGS_1984',6378137.0,298.257223563]],PRIMEM['Greenwich',0.0],UNIT['Degree',0.0174532925199433]],PROJECTION['Transverse_Mercator'],PARAMETER['False_Easting',500000.0],PARAMETER['False_Northing',0.0],PARAMETER['Central_Meridian',81.0],PARAMETER['Scale_Factor',0.9996],PARAMETER['Latitude_Of_Origin',0.0],UNIT['Meter',1.0]];294237.854427 1419650.263366 999999.999069;0.000000 100000.000000;0.000000 100000.000000" # 0 0 0 C:\AGIS\Data\SpatialStats\Dengue\ExerciseData\Cases_3.shp</Process><Process Name="Append" ToolSource="C:\Program Files\ArcGIS\ArcToolbox\Toolboxes\Data Management Tools.tbx\Append" Date="20040712" Time="134624">Append CASES2_Layer C:\AGIS\Data\SpatialStats\Dengue\ExerciseData\Cases_3.shp TEST C:\AGIS\Data\SpatialStats\Dengue\ExerciseData\Cases_3.shp</Process><Process Name="FeatureClassToFeatureClass_2" ToolSource="C:\Program Files\ArcGIS\ArcToolbox\Toolboxes\Conversion Tools.tbx\FeatureClassToFeatureClass" Date="20040712" Time="134624">FeatureClassToFeatureClass C:\AGIS\Data\SpatialStats\Dengue\ExerciseData\Joanne.mdb\CASES2 C:\AGIS\Data\SpatialStats\Dengue\ExerciseData Cases_3 # "HHNO HHNO VISIBLE;ONSET ONSET VISIBLE;PENN_SYM_I ID VISIBLE;FSIZE FSIZE VISIBLE;SEX SEX VISIBLE;MODIAGE MODIAGE VISIBLE;AGE AGE VISIBLE;ONSETDATE ONSETDATE VISIBLE;WEEK WEEK VISIBLE;FID FID VISIBLE;RECNUM RECNUM VISIBLE;NAME NAME VISIBLE;LAT LAT VISIBLE;LON LON VISIBLE;LONGNAME LONGNAME VISIBLE;STREET STREET VISIBLE;Cases_ST_1 ST_1 VISIBLE;CASE_ CASE VISIBLE;FAMSIZE FAMSIZE VISIBLE;HHNU HHNUM VISIBLE;NUMC NUMCASE VISIBLE;HH_POP HH_POP VISIBLE;That Thatch VISIBLE" SAME_AS_TEMPLATE SAME_AS_TEMPLATE # 0 C:\AGIS\Data\SpatialStats\Dengue\ExerciseData\Cases_3.shp</Process><Process ToolSource="C:\Program Files\ArcGIS\ArcToolbox\Toolboxes\Data Management Tools.tbx\AddField" Date="20040712" Time="142742">AddField C:\AGIS\Data\SpatialStats\Dengue\ExerciseData\Cases_3.shp LINK2COUNT LONG # # # # NON_NULLABLE NON_REQUIRED # C:\AGIS\Data\SpatialStats\Dengue\ExerciseData\Cases_3.shp</Process><Process ToolSource="C:\Program Files\ArcGIS\ArcToolbox\Toolboxes\Data Management Tools.tbx\AddField" Date="20040714" Time="100932">AddField C:\AGIS\Data\SpatialStats\Dengue\ExerciseData\IndCases.shp LINK2COUNT LONG # # # # NON_NULLABLE NON_REQUIRED # C:\AGIS\Data\SpatialStats\Dengue\ExerciseData\IndCases.shp</Process><Process ToolSource="C:\Program Files\ArcGIS\ArcToolbox\Toolboxes\Data Management Tools.tbx\CopyFeatures" Date="20090518" Time="182923">CopyFeatures "C:\Student\AGIS\Database\Pennathur Village\IndCases.shp" C:\Student\HOLL\PennathurVillage.gdb\IndCases # 0 0 0</Process><Process ToolSource="c:\program files\arcgis\pro\Resources\ArcToolbox\toolboxes\Conversion Tools.tbx\FeatureClassToFeatureClass" Date="20220208" Time="121139">FeatureClassToFeatureClass IndCases "C:\Users\sjs96\Desktop\SPatial data analytics course\Lab 2_Point pattern and hotspot analysis\Pointpattern_homework" IndCases.shp # "ONSET "ONSET" true true false 8 Date 0 0,First,#,IndCases,ONSET,-1,-1;ID "ID" true true false 8 Text 0 0,First,#,IndCases,ID,0,8;FSIZE "FSIZE" true true false 8 Double 0 0,First,#,IndCases,FSIZE,-1,-1;SEX "SEX" true true false 8 Double 0 0,First,#,IndCases,SEX,-1,-1;MODIAGE "MODIAGE" true true false 8 Double 0 0,First,#,IndCases,MODIAGE,-1,-1;AGE "AGE" true true false 8 Double 0 0,First,#,IndCases,AGE,-1,-1;ONSETDATE "ONSETDATE" true true false 8 Date 0 0,First,#,IndCases,ONSETDATE,-1,-1;WEEK "WEEK" true true false 2 Short 0 0,First,#,IndCases,WEEK,-1,-1;FID_ "FID_" true true false 4 Long 0 0,First,#,IndCases,FID_,-1,-1;RECNUM "RECNUM" true true false 6 Text 0 0,First,#,IndCases,RECNUM,0,6;ST_1 "ST_1" true true false 2 Short 0 0,First,#,IndCases,ST_1,-1,-1;CASE "CASE" true true false 3 Text 0 0,First,#,IndCases,CASE,0,3;NUMCASE "NUMCASE" true true false 2 Short 0 0,First,#,IndCases,NUMCASE,-1,-1;HH_POP "HH_POP" true true false 2 Short 0 0,First,#,IndCases,HH_POP,-1,-1" #</Process></lineage><itemProps><itemLocation><linkage Sync="TRUE">file://\\AR-SJS96\C$\Users\sjs96\Desktop\SPatial data analytics course\Lab 2_Point pattern and hotspot analysis\Pointpattern_homework\IndCases.shp</linkage><protocol Sync="TRUE">Local Area Network</protocol></itemLocation><itemName Sync="TRUE">IndCases</itemName><imsContentType Sync="TRUE">002</imsContentType><itemSize Sync="TRUE">0.000</itemSize></itemProps><coordRef><type Sync="TRUE">Projected</type><geogcsn Sync="TRUE">GCS_WGS_1984</geogcsn><csUnits Sync="TRUE">Linear Unit: Meter (1.000000)</csUnits><projcsn Sync="TRUE">WGS_1984_UTM_Zone_44N</projcsn><peXml Sync="TRUE">&lt;ProjectedCoordinateSystem xsi:type='typens:ProjectedCoordinateSystem' xmlns:xsi='http://www.w3.org/2001/XMLSchema-instance' xmlns:xs='http://www.w3.org/2001/XMLSchema' xmlns:typens='http://www.esri.com/schemas/ArcGIS/2.8.0'&gt;&lt;WKT&gt;PROJCS[&amp;quot;WGS_1984_UTM_Zone_44N&amp;quot;,GEOGCS[&amp;quot;GCS_WGS_1984&amp;quot;,DATUM[&amp;quot;D_WGS_1984&amp;quot;,SPHEROID[&amp;quot;WGS_1984&amp;quot;,6378137.0,298.257223563]],PRIMEM[&amp;quot;Greenwich&amp;quot;,0.0],UNIT[&amp;quot;Degree&amp;quot;,0.0174532925199433]],PROJECTION[&amp;quot;Transverse_Mercator&amp;quot;],PARAMETER[&amp;quot;False_Easting&amp;quot;,500000.0],PARAMETER[&amp;quot;False_Northing&amp;quot;,0.0],PARAMETER[&amp;quot;Central_Meridian&amp;quot;,81.0],PARAMETER[&amp;quot;Scale_Factor&amp;quot;,0.9996],PARAMETER[&amp;quot;Latitude_Of_Origin&amp;quot;,0.0],UNIT[&amp;quot;Meter&amp;quot;,1.0],AUTHORITY[&amp;quot;EPSG&amp;quot;,32644]]&lt;/WKT&gt;&lt;XOrigin&gt;-5120900&lt;/XOrigin&gt;&lt;YOrigin&gt;-9998100&lt;/YOrigin&gt;&lt;XYScale&gt;450445547.3910538&lt;/XYScale&gt;&lt;ZOrigin&gt;-100000&lt;/ZOrigin&gt;&lt;ZScale&gt;10000&lt;/ZScale&gt;&lt;MOrigin&gt;-100000&lt;/MOrigin&gt;&lt;MScale&gt;10000&lt;/MScale&gt;&lt;XYTolerance&gt;0.001&lt;/XYTolerance&gt;&lt;ZTolerance&gt;0.001&lt;/ZTolerance&gt;&lt;MTolerance&gt;0.001&lt;/MTolerance&gt;&lt;HighPrecision&gt;true&lt;/HighPrecision&gt;&lt;WKID&gt;32644&lt;/WKID&gt;&lt;LatestWKID&gt;32644&lt;/LatestWKID&gt;&lt;/ProjectedCoordinateSystem&gt;</peXml></coordRef></DataProperties><SyncDate>20220208</SyncDate><SyncTime>12113900</SyncTime><ModDate>20220208</ModDate><ModTime>12113900</ModTime><ArcGISFormat>1.0</ArcGISFormat></Esri><idinfo><citation><citeinfo><onlink Sync="TRUE">\\MIRIMACHINE\C$\Student\HOLL\PennathurVillage.gdb</onlink><origin>REQUIRED: The name of an organization or individual that developed the data set.</origin><pubdate>REQUIRED: The date when the data set is published or otherwise made available for release.</pubdate><title Sync="TRUE">IndCases</title><ftname Sync="TRUE">IndCases</ftname><geoform Sync="TRUE">vector digital data</geoform></citeinfo></citation><native Sync="TRUE">Microsoft Windows XP Version 5.1 (Build 2600) Service Pack 2; ESRI ArcCatalog 9.3.1.3000</native><descript><langdata Sync="TRUE">en</langdata><abstract>Reported Cases of Dengue Fever in the Village of Pennathur, India.</abstract><purpose>This data is courtesy of CHAD/Community Health Department of Christian Medical College, Vellore, India.

This Data is produced for users of ESRI software products and should be used for training, demonstration, and educational purposes only. </purpose><supplinf>http://arczone.esri.com/groups/marketing/marcom/docs/arcuser/0103/90villages1of2.html
</supplinf></descript><timeperd><current>ground condition</current><timeinfo><rngdates><begdate>August 2001</begdate><begtime>unknown</begtime><enddate>September 2001</enddate><endtime>unknown</endtime></rngdates></timeinfo></timeperd><status><progress>REQUIRED: The state of the data set.</progress><update>REQUIRED: The frequency with which changes and additions are made to the data set after the initial data set is completed.</update></status><spdom><bounding><westbc Sync="TRUE">79.112098</westbc><eastbc Sync="TRUE">79.115458</eastbc><northbc Sync="TRUE">12.846335</northbc><southbc Sync="TRUE">12.843180</southbc></bounding><lboundng><leftbc Sync="TRUE">295114.474794</leftbc><rightbc Sync="TRUE">295476.717278</rightbc><bottombc Sync="TRUE">1420544.186840</bottombc><topbc Sync="TRUE">1420890.667450</topbc></lboundng></spdom><keywords><theme><themekt>REQUIRED: Reference to a formally registered thesaurus or a similar authoritative source of theme keywords.</themekt><themekey>Cases</themekey><themekey>Dengue Fever</themekey><themekey>Disease</themekey></theme><place><placekey>Pennathur</placekey><placekey>Vellore</placekey><placekey>India</placekey></place></keywords><accconst>None.</accconst><useconst>The data used in this class has been modified and is not identical to the source data it was derived from. ESRI is not inviting reliance on this data, and users should always verify actual data and exercise their own professional judgement when interpreting any outcomes.

Proprietary Rights and Copyright: Licensee acknowledges that the Data and Related Materials contain proprietary and confidential property of ESRI and its licensor(s). The Data and Related Materials are owned by ESRI and its licensor(s) and are protected by United States copyright laws and applicable international copyright treaties and/or conventions.

Limited Warranty and Disclaimer: ESRI warrants that the media upon which the Data and Related Materials are provided will be free from defects in materials and workmanship under normal use and service for a period of ninety (90) days from the date of receipt.

THE DATA AND RELATED MATERIALS ARE EXCLUDED FROM THE LIMITED WARRANTY, AND THE LICENSEE EXPRESSLY ACKNOWLEDGES THAT THE DATA CONTAINS SOME NONCONFORMITIES, DEFECTS, OR ERRORS. ESRI DOES NOT WARRANT THAT THE DATA WILL MEET LICENSEE'S NEEDS OR EXPECTATIONS; THAT THE USE OF THE DATA WILL BE UNINTERRUPTED; OR THAT ALL NONCONFORMITIES, DEFECTS, OR ERRORS CAN OR WILL BE CORRECTED. ESRI IS NOT INVITING RELIANCE ON THIS DATA, AND THE LICENSEE SHOULD ALWAYS VERIFY ACTUAL DATA.

EXCEPT FOR THE LIMITED WARRANTY SET FORTH ABOVE, THE DATA AND RELATED MATERIALS CONTAINED THEREIN ARE PROVIDED "AS-IS," WITHOUT WARRANTY OF ANY KIND, EITHER EXPRESS OR IMPLIED, INCLUDING, BUT NOT LIMITED TO, THE IMPLIED WARRANTIES OF MERCHANTABILITY AND FITNESS FOR A PARTICULAR PURPOSE.

Exclusive Remedy and Limitation of Liability: The entire liability of ESRI or its licensor(s) and Licensee's exclusive remedy shall be to terminate the Agreement upon Licensee returning the Data and Related Materials to ESRI with a copy of Licensee's invoice/receipt and ESRI returning the license fees paid to Licensee.

IN NO EVENT SHALL ESRI AND/OR ITS LICENSOR(S) BE LIABLE FOR COSTS OF PROCUREMENT OF SUBSTITUTE GOODS OR SERVICES; LOST PROFITS, LOST SALES, OR BUSINESS EXPENDITURES, INVESTMENTS, OR COMMITMENTS IN CONNECTION WITH ANY BUSINESS; LOSS OF ANY GOODWILL; OR FOR ANY INDIRECT, SPECIAL, INCIDENTAL, EXEMPLARY, OR CONSEQUENTIAL DAMAGES ARISING OUT OF THIS AGREEMENT OR USE OF THE DATA AND RELATED MATERIALS, HOWEVER CAUSED, ON ANY THEORY OF LIABILITY, AND WHETHER OR NOT ESRI OR ITS LICENSOR(S) HAVE BEEN ADVISED OF THE POSSIBILITY OF SUCH DAMAGE. THESE LIMITATIONS SHALL APPLY NOTWITHSTANDING ANY FAILURE OF ESSENTIAL PURPOSE OF ANY EXCLUSIVE REMEDY.

Third Party Beneficiary: ESRI's licensor(s) has (have) authorized ESRI to (sub)distribute and (sub)license its (their) data as incorporated into the Data and Related Materials. As an intended third party beneficiary to this Agreement, the ESRI licensor(s) is (are) entitled to directly enforce, in its own name, the rights and obligations undertaken by the Licensee and to seek all legal and equitable remedies as are afforded to ESRI.

In the event that the data vendor(s) has (have) granted the end user permission to redistribute the Geodata, please use proper proprietary or copyright attribution for the various data vendor(s), and provide the associated metadata file(s) with the Geodata. In compliance with FGDC metadata standards, ESRI has attempted to practice proper metadata methodologies by providing any data source information, descriptions, and file names to assist in this effort.
</useconst><natvform Sync="TRUE">File Geodatabase Feature Class</natvform><datacred>CHAD/Community Health Department of Christian Medical College, Vellore, India.</datacred></idinfo><distInfo><distributor><distorTran><onLineSrc><linkage Sync="TRUE">file://\\MIRIMACHINE\C$\Student\HOLL\PennathurVillage.gdb</linkage><protocol Sync="TRUE">Local Area Network</protocol><orDesc Sync="TRUE">002</orDesc></onLineSrc><transSize Sync="TRUE">0.008</transSize></distorTran><distorFormat><formatName Sync="TRUE">File Geodatabase Feature Class</formatName></distorFormat></distributor><distFormat><formatName Sync="TRUE">Shapefile</formatName></distFormat><distTranOps><transSize Sync="TRUE">0.000</transSize></distTranOps></distInfo><dataqual><lineage><procstep><procdesc Sync="TRUE">Dataset copied.</procdesc><srcused Sync="TRUE">C:\AGIS\Data\SpatialStats\Dengue\ExerciseDataOld\IndCases</srcused><date Sync="TRUE">20040806</date><time Sync="TRUE">15402100</time></procstep><procstep><procdesc Sync="TRUE">Dataset copied.</procdesc><srcused Sync="TRUE">C:\AGIS\Data\SpatialStats\Dengue\ExerciseData\IndCases</srcused><date Sync="TRUE">20040818</date><time Sync="TRUE">09265400</time></procstep></lineage></dataqual><dataIdInfo><envirDesc Sync="TRUE">Microsoft Windows 10 Version 10.0 (Build 18362) ; Esri ArcGIS 12.8.0.29751</envirDesc><dataLang><languageCode Sync="TRUE" value="eng"></languageCode><countryCode value="USA" Sync="TRUE"></countryCode></dataLang><idCitation><resTitle Sync="TRUE">IndCases</resTitle><presForm><PresFormCd Sync="TRUE" value="005"></PresFormCd></presForm></idCitation><spatRpType><SpatRepTypCd Sync="TRUE" value="001"></SpatRepTypCd></spatRpType><dataExt><geoEle><GeoBndBox esriExtentType="native"><westBL Sync="TRUE">295114.474794</westBL><eastBL Sync="TRUE">295476.717278</eastBL><northBL Sync="TRUE">1420890.66745</northBL><southBL Sync="TRUE">1420544.18684</southBL><exTypeCode Sync="TRUE">1</exTypeCode></GeoBndBox></geoEle></dataExt><geoBox esriExtentType="decdegrees"><westBL Sync="TRUE">79.112098</westBL><eastBL Sync="TRUE">79.115458</eastBL><northBL Sync="TRUE">12.846335</northBL><southBL Sync="TRUE">12.84318</southBL><exTypeCode Sync="TRUE">1</exTypeCode></geoBox></dataIdInfo><metainfo><langmeta Sync="TRUE">en</langmeta><metstdn Sync="TRUE">FGDC Content Standards for Digital Geospatial Metadata</metstdn><metstdv Sync="TRUE">FGDC-STD-001-1998</metstdv><mettc Sync="TRUE">local time</mettc><metc><cntinfo><cntorgp><cntper>REQUIRED: The person responsible for the metadata information.</cntper><cntorg>REQUIRED: The organization responsible for the metadata information.</cntorg></cntorgp><cntaddr><addrtype>REQUIRED: The mailing and/or physical address for the organization or individual.</addrtype><city>REQUIRED: The city of the address.</city><state>REQUIRED: The state or province of the address.</state><postal>REQUIRED: The ZIP or other postal code of the address.</postal></cntaddr><cntvoice>REQUIRED: The telephone number by which individuals can speak to the organization or individual.</cntvoice></cntinfo></metc><metd Sync="TRUE">20090518</metd></metainfo><mdLang><languageCode Sync="TRUE" value="eng"></languageCode><countryCode value="USA" Sync="TRUE"></countryCode></mdLang><mdStanName Sync="TRUE">ISO 19115 Geographic Information - Metadata</mdStanName><mdStanVer Sync="TRUE">DIS_ESRI1.0</mdStanVer><mdChar><CharSetCd Sync="TRUE" value="004"></CharSetCd></mdChar><mdHrLv><ScopeCd Sync="TRUE" value="005"></ScopeCd></mdHrLv><mdHrLvName Sync="TRUE">dataset</mdHrLvName><distinfo><resdesc Sync="TRUE">Downloadable Data</resdesc><stdorder><digform><digtinfo><transize Sync="TRUE">0.008</transize><dssize Sync="TRUE">0.008</dssize></digtinfo></digform></stdorder></distinfo><spdoinfo><direct Sync="TRUE">Vector</direct><ptvctinf><esriterm Name="IndCases"><efeatyp Sync="TRUE">Simple</efeatyp><efeageom code="1" Sync="TRUE"></efeageom><esritopo Sync="TRUE">FALSE</esritopo><efeacnt Sync="TRUE">0</efeacnt><spindex Sync="TRUE">FALSE</spindex><linrefer Sync="TRUE">FALSE</linrefer></esriterm></ptvctinf></spdoinfo><spref><horizsys><cordsysn><geogcsn Sync="TRUE">GCS_WGS_1984</geogcsn><projcsn Sync="TRUE">WGS_1984_UTM_Zone_44N</projcsn></cordsysn><planar><planci><plance Sync="TRUE">coordinate pair</plance><plandu Sync="TRUE">meters</plandu><coordrep><absres Sync="TRUE">0.000100</absres><ordres Sync="TRUE">0.000100</ordres></coordrep></planci></planar><geodetic><horizdn Sync="TRUE">D_WGS_1984</horizdn><ellips Sync="TRUE">WGS_1984</ellips><semiaxis Sync="TRUE">6378137.000000</semiaxis><denflat Sync="TRUE">298.257224</denflat></geodetic></horizsys></spref><refSysInfo><RefSystem><refSysID><identCode Sync="TRUE" code="32644">WGS_1984_UTM_Zone_44N</identCode><idCodeSpace Sync="TRUE">EPSG</idCodeSpace><idVersion Sync="TRUE">9.8.8(3.0.1)</idVersion></refSysID></RefSystem></refSysInfo><spatRepInfo><VectSpatRep><geometObjs Name="IndCases"><geoObjTyp><GeoObjTypCd value="004" Sync="TRUE"></GeoObjTypCd></geoObjTyp><geoObjCnt Sync="TRUE">0</geoObjCnt></geometObjs><topLvl><TopoLevCd value="001" Sync="TRUE"></TopoLevCd></topLvl></VectSpatRep></spatRepInfo><eainfo><detailed Name="IndCases"><enttyp><enttypl Sync="TRUE">IndCases</enttypl><enttypt Sync="TRUE">Feature Class</enttypt><enttypc Sync="TRUE">0</enttypc><enttypd>Individual Cases</enttypd></enttyp><attr><attrlabl Sync="TRUE">FID</attrlabl><attalias Sync="TRUE">FID</attalias><attrtype Sync="TRUE">OID</attrtype><attwidth Sync="TRUE">4</attwidth><atprecis Sync="TRUE">0</atprecis><attscale Sync="TRUE">0</attscale><attrdef Sync="TRUE">Internal feature number.</attrdef><attrdefs Sync="TRUE">Esri</attrdefs><attrdomv><udom Sync="TRUE">Sequential unique whole numbers that are automatically generated.</udom></attrdomv></attr><attr><attrlabl Sync="TRUE">Shape</attrlabl><attalias Sync="TRUE">Shape</attalias><attrtype Sync="TRUE">Geometry</attrtype><attwidth Sync="TRUE">0</attwidth><atprecis Sync="TRUE">0</atprecis><attscale Sync="TRUE">0</attscale><attrdef Sync="TRUE">Feature geometry.</attrdef><attrdefs Sync="TRUE">ESRI</attrdefs><attrdomv><udom Sync="TRUE">Coordinates defining the features.</udom></attrdomv></attr><attr><attrlabl Sync="TRUE">ONSET</attrlabl><attalias Sync="TRUE">ONSET</attalias><attrtype Sync="TRUE">Date</attrtype><attwidth Sync="TRUE">8</attwidth><attrdef>Date of Onset</attrdef><atprecis Sync="TRUE">0</atprecis><attscale Sync="TRUE">0</attscale></attr><attr><attrlabl Sync="TRUE">ID</attrlabl><attalias Sync="TRUE">ID</attalias><attrtype Sync="TRUE">String</attrtype><attwidth Sync="TRUE">8</attwidth><atprecis Sync="TRUE">0</atprecis><attscale Sync="TRUE">0</attscale></attr><attr><attrlabl Sync="TRUE">FSIZE</attrlabl><attalias Sync="TRUE">FSIZE</attalias><attrtype Sync="TRUE">Double</attrtype><attwidth Sync="TRUE">19</attwidth><attrdef>Family Size</attrdef><atprecis Sync="TRUE">0</atprecis><attscale Sync="TRUE">0</attscale></attr><attr><attrlabl Sync="TRUE">SEX</attrlabl><attalias Sync="TRUE">SEX</attalias><attrtype Sync="TRUE">Double</attrtype><attwidth Sync="TRUE">19</attwidth><attrdef>Gender</attrdef><attrdomv><edom><edomv>1</edomv><edomvd>Male</edomvd></edom><edom><edomv>2</edomv><edomvd>Female</edomvd></edom></attrdomv><atprecis Sync="TRUE">0</atprecis><attscale Sync="TRUE">0</attscale></attr><attr><attrlabl Sync="TRUE">MODIAGE</attrlabl><attalias Sync="TRUE">MODIAGE</attalias><attrtype Sync="TRUE">Double</attrtype><attwidth Sync="TRUE">19</attwidth><attrdef>AGE </attrdef><attrdomv><edom><edomv>LO-9</edomv><edomvd>1</edomvd></edom><edom><edomv>10-19</edomv><edomvd>2</edomvd></edom><edom><edomv>20-29</edomv><edomvd>3</edomvd></edom><edom><edomv>30-39</edomv><edomvd>4</edomvd></edom><edom><edomv>40-49</edomv><edomvd>5</edomvd></edom><edom><edomv>50-59</edomv><edomvd>6</edomvd></edom><edom><edomv>60-69</edomv><edomvd>7</edomvd></edom><edom><edomv>70-79</edomv><edomvd>8</edomvd></edom><edom><edomv>80-HI</edomv><edomvd>9</edomvd></edom></attrdomv><atprecis Sync="TRUE">0</atprecis><attscale Sync="TRUE">0</attscale></attr><attr><attrlabl Sync="TRUE">AGE</attrlabl><attalias Sync="TRUE">AGE</attalias><attrtype Sync="TRUE">Double</attrtype><attwidth Sync="TRUE">19</attwidth><attrdef>As in Census Report</attrdef><atprecis Sync="TRUE">0</atprecis><attscale Sync="TRUE">0</attscale></attr><attr><attrlabl Sync="TRUE">ONSETDATE</attrlabl><attalias Sync="TRUE">ONSETDATE</attalias><attrtype Sync="TRUE">Date</attrtype><attwidth Sync="TRUE">8</attwidth><atprecis Sync="TRUE">0</atprecis><attscale Sync="TRUE">0</attscale></attr><attr><attrlabl Sync="TRUE">WEEK</attrlabl><attalias Sync="TRUE">WEEK</attalias><attrtype Sync="TRUE">Integer</attrtype><attwidth Sync="TRUE">5</attwidth><attrdef>Week of outbreak</attrdef><atprecis Sync="TRUE">5</atprecis><attscale Sync="TRUE">0</attscale></attr><attr><attrlabl Sync="TRUE">FID_</attrlabl><attalias Sync="TRUE">FID_</attalias><attrtype Sync="TRUE">Integer</attrtype><attwidth Sync="TRUE">10</attwidth><atprecis Sync="TRUE">10</atprecis><attscale Sync="TRUE">0</attscale></attr><attr><attrlabl Sync="TRUE">RECNUM</attrlabl><attalias Sync="TRUE">RECNUM</attalias><attrtype Sync="TRUE">String</attrtype><attwidth Sync="TRUE">6</attwidth><atprecis Sync="TRUE">0</atprecis><attscale Sync="TRUE">0</attscale></attr><attr><attrlabl Sync="TRUE">ST_1</attrlabl><attalias Sync="TRUE">ST_1</attalias><attrtype Sync="TRUE">Integer</attrtype><attwidth Sync="TRUE">5</attwidth><atprecis Sync="TRUE">5</atprecis><attscale Sync="TRUE">0</attscale></attr><attr><attrlabl Sync="TRUE">CASE</attrlabl><attalias Sync="TRUE">CASE</attalias><attrtype Sync="TRUE">String</attrtype><attwidth Sync="TRUE">3</attwidth><attrdomv><edom><edomv>Y</edomv><edomvd>Yes</edomvd></edom><edom><edomv>N</edomv><edomvd>No</edomvd></edom></attrdomv><attrdef>Reported Case of Dengue Fever</attrdef><atprecis Sync="TRUE">0</atprecis><attscale Sync="TRUE">0</attscale></attr><attr><attrlabl Sync="TRUE">NUMCASE</attrlabl><attalias Sync="TRUE">NUMCASE</attalias><attrtype Sync="TRUE">Integer</attrtype><attwidth Sync="TRUE">5</attwidth><attrdef>Number of Cases Per Household</attrdef><atprecis Sync="TRUE">5</atprecis><attscale Sync="TRUE">0</attscale></attr><attr><attrlabl Sync="TRUE">HH_POP</attrlabl><attalias Sync="TRUE">HH_POP</attalias><attrtype Sync="TRUE">Integer</attrtype><attwidth Sync="TRUE">5</attwidth><attrdef>Household Population</attrdef><atprecis Sync="TRUE">5</atprecis><attscale Sync="TRUE">0</attscale></attr></detailed></eainfo><mdDateSt Sync="TRUE">20220208</mdDateSt></metadata>
