<?xml version="1.0" encoding="UTF-8"?>
<metadata xml:lang="en"><Esri><CreaDate>20160902</CreaDate><CreaTime>22474800</CreaTime><ArcGISFormat>1.0</ArcGISFormat><SyncOnce>TRUE</SyncOnce><DataProperties><itemProps><itemLocation><linkage Sync="TRUE">file://\\DESKTOP-33FCM7K\C$\Users\xuyua\Desktop\Lab 3\homework\TompkinsPollingPlaces2013</linkage><protocol Sync="TRUE">Local Area Network</protocol></itemLocation></itemProps><copyHistory><copy source="C:\Users\xuyua\Desktop\Lab 3\TompkinsPollingPlaces2013" dest="\\DESKTOP-33FCM7K\C$\Users\xuyua\Desktop\Lab 3\homework\TompkinsPollingPlaces2013" date="20160902" time="22474800"></copy></copyHistory></DataProperties></Esri></metadata>
