<?xml version="1.0" encoding="UTF-8"?>
<metadata xml:lang="en"><Esri><CreaDate>20160902</CreaDate><CreaTime>23250000</CreaTime><ArcGISFormat>1.0</ArcGISFormat><SyncOnce>TRUE</SyncOnce><DataProperties><itemProps><itemLocation><linkage Sync="TRUE">file://\\DESKTOP-33FCM7K\C$\Users\xuyua\Desktop\Lab 3\graduate student problem data\Tompkins_buildings2014</linkage><protocol Sync="TRUE">Local Area Network</protocol></itemLocation></itemProps><copyHistory><copy source="C:\Users\xuyua\Desktop\Lab 3\Tompkins_buildings2014" dest="\\DESKTOP-33FCM7K\C$\Users\xuyua\Desktop\Lab 3\graduate student problem data\Tompkins_buildings2014" date="20160902" time="23250000"></copy></copyHistory></DataProperties></Esri></metadata>
