<metadata xml:lang="en"><Esri><CreaDate>20180510</CreaDate><CreaTime>11065700</CreaTime><ArcGISFormat>1.0</ArcGISFormat><SyncOnce>FALSE</SyncOnce><DataProperties><itemProps><itemName Sync="TRUE">SocialMediaState</itemName><itemLocation><linkage Sync="FALSE">withheld</linkage><protocol Sync="TRUE">Local Area Network</protocol></itemLocation><itemSize Sync="TRUE">0.000</itemSize><nativeExtBox><westBL Sync="TRUE">-2367057.279500</westBL><eastBL Sync="TRUE">2263979.421600</eastBL><southBL Sync="TRUE">-1506786.097900</southBL><northBL Sync="TRUE">1411805.744900</northBL><exTypeCode Sync="TRUE">1</exTypeCode></nativeExtBox><imsContentType Sync="TRUE">002</imsContentType></itemProps><coordRef><type Sync="TRUE">Projected</type><geogcsn Sync="TRUE">GCS_North_American_1983</geogcsn><csUnits Sync="TRUE">Linear Unit: Meter (1.000000)</csUnits><projcsn Sync="TRUE">USA_Contiguous_Equidistant_Conic</projcsn><peXml Sync="TRUE">&lt;ProjectedCoordinateSystem xsi:type='typens:ProjectedCoordinateSystem' xmlns:xsi='http://www.w3.org/2001/XMLSchema-instance' xmlns:xs='http://www.w3.org/2001/XMLSchema' xmlns:typens='http://www.esri.com/schemas/ArcGIS/2.8.0'&gt;&lt;WKT&gt;PROJCS[&amp;quot;USA_Contiguous_Equidistant_Conic&amp;quot;,GEOGCS[&amp;quot;GCS_North_American_1983&amp;quot;,DATUM[&amp;quot;D_North_American_1983&amp;quot;,SPHEROID[&amp;quot;GRS_1980&amp;quot;,6378137.0,298.257222101]],PRIMEM[&amp;quot;Greenwich&amp;quot;,0.0],UNIT[&amp;quot;Degree&amp;quot;,0.0174532925199433]],PROJECTION[&amp;quot;Equidistant_Conic&amp;quot;],PARAMETER[&amp;quot;False_Easting&amp;quot;,0.0],PARAMETER[&amp;quot;False_Northing&amp;quot;,0.0],PARAMETER[&amp;quot;Central_Meridian&amp;quot;,-96.0],PARAMETER[&amp;quot;Standard_Parallel_1&amp;quot;,33.0],PARAMETER[&amp;quot;Standard_Parallel_2&amp;quot;,45.0],PARAMETER[&amp;quot;Latitude_Of_Origin&amp;quot;,39.0],UNIT[&amp;quot;Meter&amp;quot;,1.0],AUTHORITY[&amp;quot;Esri&amp;quot;,102005]]&lt;/WKT&gt;&lt;XOrigin&gt;-22178400&lt;/XOrigin&gt;&lt;YOrigin&gt;-14320600&lt;/YOrigin&gt;&lt;XYScale&gt;203062422.32850409&lt;/XYScale&gt;&lt;ZOrigin&gt;-100000&lt;/ZOrigin&gt;&lt;ZScale&gt;10000&lt;/ZScale&gt;&lt;MOrigin&gt;-100000&lt;/MOrigin&gt;&lt;MScale&gt;10000&lt;/MScale&gt;&lt;XYTolerance&gt;0.001&lt;/XYTolerance&gt;&lt;ZTolerance&gt;0.001&lt;/ZTolerance&gt;&lt;MTolerance&gt;0.001&lt;/MTolerance&gt;&lt;HighPrecision&gt;true&lt;/HighPrecision&gt;&lt;WKID&gt;102005&lt;/WKID&gt;&lt;LatestWKID&gt;102005&lt;/LatestWKID&gt;&lt;/ProjectedCoordinateSystem&gt;</peXml></coordRef><lineage><Process ToolSource="c:\program files\arcgis\pro\Resources\ArcToolbox\toolboxes\Conversion Tools.tbx\FeatureClassToFeatureClass" Date="20211221" Time="164047">FeatureClassToFeatureClass SocialMediaState "C:\Users\sjs96\Desktop\SPatial data analytics course\DEscriptive stats lab\Lab 1 Demo data" SocialMediaState.shp # "StateFIPS "StateFIPS" true true false 254 Text 0 0,First,#,SocialMediaState,StateFIPS,0,254;Shape_Length "Shape_Length" false true true 8 Double 0 0,First,#,SocialMediaState,Shape_Length,-1,-1;Shape_Area "Shape_Area" false true true 8 Double 0 0,First,#,SocialMediaState,Shape_Area,-1,-1;NAME "NAME" true true false 50 Text 0 0,First,#,SocialMediaState,NAME,0,50;STATE_ABBR "STATE_ABBR" true true false 20 Text 0 0,First,#,SocialMediaState,STATE_ABBR,0,20" #</Process></lineage></DataProperties><SyncDate>20211221</SyncDate><SyncTime>16404600</SyncTime><ModDate>20211221</ModDate><ModTime>16404600</ModTime><scaleRange><minScale>150000000</minScale><maxScale>5000</maxScale></scaleRange><ArcGISProfile>ISO19139</ArcGISProfile></Esri><mdContact><editorSource>external</editorSource><editorDigest>a185db832e8a054cee802512a7b6e3e9</editorDigest><rpIndName>Esri Data Librarian</rpIndName><rpOrgName>Esri, Educational Services</rpOrgName><rpCntInfo><cntAddress addressType="physical"><delPoint>380 New York St</delPoint><city>Redlands</city><adminArea>Ca</adminArea><postCode>92373</postCode><eMailAdd>datalibrary@esri.com</eMailAdd><country>US</country></cntAddress><cntPhone><voiceNum>909-793-2853 X 1793</voiceNum><faxNum>909-793-5953</faxNum></cntPhone><cntHours>Hours: 8:00 a.m.-5:30 p.m. Pacific time, Monday-Friday</cntHours><cntInstr>In the United States-
Please direct all inquiries regarding software/data pricing and consulting services to your local Esri Regional Office. For support, you may contact Technical Support by telephone (voice) between 6:00 a.m. and 6:00 p.m. Pacific time, Monday through Friday, by dialing 909-793-3774; facsimile (fax) available at 909-792-0960; electronic mail (e-mail) support@esri.com; or visit http://support.esri.com; Esri holidays excluded.

Outside the United States-
Please direct all inquiries regarding software/data pricing, sales, support, and consulting services to your local Esri International Distributor. This information can be found at http://www.esri.com/about-esri/locations.html.</cntInstr></rpCntInfo><displayName>Esri</displayName><displayName>Esri</displayName><displayName>Esri Data Librarian</displayName><editorSave>True</editorSave><displayName>Esri Data Librarian</displayName></mdContact><distInfo><distributor><distorTran><onLineSrc><orDesc>003</orDesc></onLineSrc><offLineMed><medName><MedNameCd value="003"/></medName></offLineMed></distorTran><distorCont><rpOrgName>ESRI; ESRI International Distributors</rpOrgName><rpCntInfo><cntAddress><delPoint>380 New York Street</delPoint><city>Redlands</city><adminArea>California</adminArea><postCode>92373-8100</postCode><country>us</country></cntAddress><cntPhone><voiceNum>800-447-9778</voiceNum></cntPhone></rpCntInfo><role><RoleCd value="005"/></role></distorCont><distorOrdPrc><ordInstr>ESRI Data &amp; Maps is available only as part of ESRI® software.

In the United States, contact the ESRI Telebusiness staff at 800-447-9778 for more information about our software and data.

Outside the United States, please direct all inquiries to your local ESRI International Distributor.  This information can be found at http://gis.esri.com/intldist/contact/.</ordInstr><resFees>Software purchase price. ESRI Data &amp; Maps is available only as part of ESRI® software. To use this data requires software that supports SDC files.</resFees></distorOrdPrc></distributor><distFormat><formatName Sync="TRUE">Shapefile</formatName></distFormat><distTranOps><transSize Sync="TRUE">0.000</transSize></distTranOps></distInfo><dataIdInfo><idCitation><resTitle Sync="TRUE">SocialMediaState</resTitle><resEd>2008</resEd><resEdDate>20080401</resEdDate><resRefDate><refDate>20040310</refDate><refDateType><DateTypCd value="001"/></refDateType></resRefDate><citRespParty><rpIndName>Data Team</rpIndName><rpOrgName>ESRI</rpOrgName><rpPosName>Data Team</rpPosName><role><RoleCd value="007"/></role><rpCntInfo><cntAddress><delPoint>380 New York Street</delPoint><city>Redlands</city><adminArea>California</adminArea><postCode>92373-8100</postCode><eMailAdd>info@esri.com</eMailAdd><country>us</country></cntAddress><cntPhone><voiceNum>909-793-2853</voiceNum><faxNum>909-793-5953</faxNum></cntPhone></rpCntInfo></citRespParty><resRefDate><refDate>20080401</refDate><refDateType><DateTypCd value="002"/></refDateType></resRefDate><date><createDate>20040310</createDate><pubDate>20080401</pubDate></date><presForm><PresFormCd value="005" Sync="TRUE"/></presForm></idCitation><dataExt><tempEle><TempExtent><exTemp><TM_Period><tmBegin>19920601</tmBegin><tmEnd>20070606</tmEnd></TM_Period><TM_GeometricPrimitive><TM_Period><begin>19920601</begin><end>20070606</end></TM_Period></TM_GeometricPrimitive></exTemp></TempExtent></tempEle></dataExt><idAbs>&lt;DIV STYLE="text-align:Left;"&gt;&lt;DIV&gt;&lt;DIV&gt;&lt;P&gt;&lt;SPAN&gt;This dataset represented the counties of the contiguous United States.&lt;/SPAN&gt;&lt;/P&gt;&lt;/DIV&gt;&lt;/DIV&gt;&lt;/DIV&gt;</idAbs><resConst><Consts><useLimit>&lt;DIV STYLE="text-align:Left;"&gt;&lt;DIV&gt;&lt;DIV&gt;&lt;P&gt;&lt;SPAN&gt;None, Census data is licensed as public domain.&lt;/SPAN&gt;&lt;/P&gt;&lt;P&gt;&lt;SPAN&gt;Use of this Data is restricted to training, demonstration, and educational purposes only. This Data cannot be sold or used for marketing without the express written consent of Environmental Systems Research Institute Inc.THE DATA AND RELATED MATERIALS MAY CONTAIN SOME NONCONFORMITIES, DEFECTS, OR ERRORS. ESRI DOES NOT WARRANT THAT THE DATA WILL MEET USER'S NEEDS OR EXPECTATIONS; THAT THE USE OF THE DATA WILL BE UNINTERRUPTED; OR THAT ALL NONCONFORMITIES, DEFECTS, OR ERRORS CAN OR WILL BE CORRECTED. ESRI IS NOT INVITING RELIANCE ON THIS DATA, AND THE USER SHOULD ALWAYS VERIFY ACTUAL DATA.THE DATA AND RELATED MATERIALS ARE PROVIDED "AS-IS" WITHOUT WARRANTY OF ANY KIND, EITHER EXPRESS OR IMPLIED, INCLUDING, BUT NOT LIMITED TO, THE IMPLIED WARRANTIES OF MERCHANTABILITY AND FITNESS FOR A PARTICULAR PURPOSE.IN NO EVENT SHALL ESRI AND/OR ITS LICENSOR(S) BE LIABLE FOR COSTS OF PROCUREMENT OF SUBSTITUTE GOODS OR SERVICES; LOST PROFITS, LOST SALES, OR BUSINESS EXPENDITURES, INVESTMENTS, OR COMMITMENTS IN CONNECTION WITH ANY BUSINESS; LOSS OF ANY GOODWILL; OR FOR ANY INDIRECT, SPECIAL, INCIDENTAL, EXEMPLARY, OR CONSEQUENTIAL DAMAGES ARISING OUT OF THIS AGREEMENT OR USE OF THE DATA AND RELATED MATERIALS, HOWEVER CAUSED, ON ANY THEORY OF LIABILITY, AND WHETHER OR NOT ESRI OR ITS LICENSOR(S) HAVE BEEN ADVISED OF THE POSSIBILITY OF SUCH DAMAGE. THESE LIMITATIONS SHALL APPLY NOTWITHSTANDING ANY FAILURE OF ESSENTIAL PURPOSE OF ANY EXCLUSIVE REMEDY.In the event that the data vendor(s) has (have) granted the end user permission to redistribute the Geodata, please use proper proprietary or copyright attribution for the various data vendor(s), and provide the associated metadata file(s) with the Geodata.&lt;/SPAN&gt;&lt;/P&gt;&lt;/DIV&gt;&lt;/DIV&gt;&lt;/DIV&gt;</useLimit></Consts><LegConsts><accessConsts><RestrictCd value="005"/></accessConsts><othConsts>The data are provided by multiple, third party data vendors under license to ESRI for inclusion on ESRI Data &amp; Maps for use with ESRI® software.  Each data vendor has its own data licensing policies and may grant varying redistribution rights to end users. Please consult the redistribution rights below for this data set provided on ESRI Data &amp; Maps. As used herein, “Geodata” shall mean any digital data set consisting of geographic data coordinates and associated attributes.

The redistribution rights for this data set: Redistribution rights are granted by the data vendor for hard-copy renditions or static, electronic map images (e.g. .gif, .jpeg, etc.) that are plotted, printed, or publicly displayed with proper metadata and source/copyright attribution to the respective data vendor(s).  Geodata is redistributable with a Value-Added Software Application developed by ESRI Business Partners on a royalty-free basis with proper metadata and source/copyright attribution to the respective data vendor(s).  Geodata is redistributable without a Value-Added Software Application (i.e., adding the sample data to an existing, [non]commercial data set for redistribution) with proper metadata and source/copyright attribution to the respective data vendor(s).

The terms and conditions below apply to all the data sets provided on ESRI Data &amp; Maps.

Proprietary Rights and Copyright: Licensee acknowledges that the Data and Related Materials contain proprietary and confidential property of ESRI and its licensor(s). The Data and Related Materials are owned by ESRI and its licensor(s) and are protected by United States copyright laws and applicable international copyright treaties and/or conventions.

Limited Warranty and Disclaimer: ESRI warrants that the media upon which the Data and Related Materials are provided will be free from defects in materials and workmanship under normal use and service for a period of ninety (90) days from the date of receipt.

THE DATA AND RELATED MATERIALS ARE EXCLUDED FROM THE LIMITED WARRANTY, AND THE LICENSEE EXPRESSLY ACKNOWLEDGES THAT THE DATA CONTAINS SOME NONCONFORMITIES, DEFECTS, OR ERRORS. ESRI DOES NOT WARRANT THAT THE DATA WILL MEET LICENSEE'S NEEDS OR EXPECTATIONS; THAT THE USE OF THE DATA WILL BE UNINTERRUPTED; OR THAT ALL NONCONFORMITIES, DEFECTS, OR ERRORS CAN OR WILL BE CORRECTED. ESRI IS NOT INVITING RELIANCE ON THIS DATA, AND THE LICENSEE SHOULD ALWAYS VERIFY ACTUAL DATA.

EXCEPT FOR THE LIMITED WARRANTY SET FORTH ABOVE, THE DATA AND RELATED MATERIALS CONTAINED THEREIN ARE PROVIDED "AS-IS," WITHOUT WARRANTY OF ANY KIND, EITHER EXPRESS OR IMPLIED, INCLUDING, BUT NOT LIMITED TO, THE IMPLIED WARRANTIES OF MERCHANTABILITY AND FITNESS FOR A PARTICULAR PURPOSE.

HIGH RISK ACTIVITIES: 
(A) THE DATA AND RELATED MATERIALS ARE NOT FAULT-TOLERANT AND ARE NOT DESIGNED, MANUFACTURED, OR INTENDED FOR USE OR RESALE FOR INSURANCE UNDERWRITING OR WITH CRITICAL HEALTH AND SAFETY OR ONLINE CONTROL EQUIPMENT IN HAZARDOUS ENVIRONMENTS THAT REQUIRE FAIL-SAFE PERFORMANCE, INCLUDING, BUT NOT LIMITED TO THE OPERATION OF NUCLEAR FACILITIES, NAVIGATION OR GUIDANCE (I.E., AIRCRAFT, NAUTICAL VEHICLE, ETC.), OR COMMUNICATION SYSTEMS, AIR TRAFFIC CONTROL, EMERGENCY RESPONSE, TERRORISM PREVENTION OR RESPONSE, LIFE SUPPORT, OR WEAPONS SYSTEMS ("HIGH RISK ACTIVITIES"). ESRI SPECIFICALLY DISCLAIMS ANY EXPRESS OR IMPLIED WARRANTY OF FITNESS FOR HIGH RISK ACTIVITIES.

(B) TO THE EXTENT PERMITTED BY LAW, LICENSEE AGREES TO INDEMNIFY, DEFEND, AND HOLD ESRI, ITS OFFICERS, DIRECTORS, EMPLOYEES, AGENTS, SUBCONTRACTORS, LICENSORS, SUCCESSORS, AND ASSIGNS HARMLESS FROM AND AGAINST ANY AND ALL LIABILITY, LOSSES, CLAIMS, EXPENSES (INCLUDING ATTORNEYS' FEES), DEMANDS, OR DAMAGES OF ANY KIND, INCLUDING DIRECT, INDIRECT, SPECIAL, PUNITIVE, INCIDENTAL, OR CONSEQUENTIAL DAMAGES, ARISING OUT OF OR IN ANY WAY CONNECTED WITH LICENSEE'S USE OR PERMITTING THE USE BY OTHERS OF THE DATA, AND VENDOR'S HARDWARE OR SOFTWARE FOR HIGH RISK ACTIVITIES. DELIVERY OF THE DATA, AND VENDOR'S HARDWARE OR SOFTWARE DOES NOT CONSTITUTE A WAIVER OF THE RIGHTS AND OBLIGATIONS SET FORTH IN THIS ARTICLE.

Exclusive Remedy and Limitation of Liability: The entire liability of ESRI or its licensor(s) and Licensee's exclusive remedy shall be to terminate the Agreement upon Licensee returning the Data and Related Materials to ESRI with a copy of Licensee's invoice/receipt and ESRI returning the license fees paid to Licensee.

IN NO EVENT SHALL ESRI AND/OR ITS LICENSOR(S) BE LIABLE FOR COSTS OF PROCUREMENT OF SUBSTITUTE GOODS OR SERVICES; LOST PROFITS, LOST SALES, OR BUSINESS EXPENDITURES, INVESTMENTS, OR COMMITMENTS IN CONNECTION WITH ANY BUSINESS; LOSS OF ANY GOODWILL; OR FOR ANY INDIRECT, SPECIAL, INCIDENTAL, EXEMPLARY, OR CONSEQUENTIAL DAMAGES ARISING OUT OF THIS AGREEMENT OR USE OF THE DATA AND RELATED MATERIALS, HOWEVER CAUSED, ON ANY THEORY OF LIABILITY, AND WHETHER OR NOT ESRI OR ITS LICENSOR(S) HAVE BEEN ADVISED OF THE POSSIBILITY OF SUCH DAMAGE. THESE LIMITATIONS SHALL APPLY NOTWITHSTANDING ANY FAILURE OF ESSENTIAL PURPOSE OF ANY EXCLUSIVE REMEDY.

Third Party Beneficiary: ESRI's licensor(s) has (have) authorized ESRI to (sub)distribute and (sub)license its (their) data as incorporated into the Data and Related Materials. As an intended third party beneficiary to this Agreement, the ESRI licensor(s) is (are) entitled to directly enforce, in its own name, the rights and obligations undertaken by the Licensee and to seek all legal and equitable remedies as are afforded to ESRI.

In the event that the data vendor(s) has (have) granted the end user permission to redistribute the Geodata, please use proper proprietary or copyright attribution for the various data vendor(s), and provide the associated metadata file(s) with the Geodata. In compliance with FGDC metadata standards, ESRI has attempted to practice proper metadata methodologies by providing any data source information, descriptions, and file names to assist in this effort.</othConsts><useConsts><RestrictCd value="008"/></useConsts></LegConsts></resConst><dataScale><equScale><rfDenom>5000000</rfDenom></equScale></dataScale><themeKeys><keyword>polygon, area, demographics, population, households, farm information, boundaries, society</keyword></themeKeys><descKeys KeyTypCd="005"><keyTyp><KeyTypCd value="005"/></keyTyp><keyword>polygon, area, demographics, population, households, farm information, boundaries, society</keyword></descKeys><placeKeys><keyword>United States, U.S. Counties, Counties</keyword></placeKeys><descKeys KeyTypCd="002"><keyTyp><KeyTypCd value="002"/></keyTyp><keyword>United States, U.S. Counties, Counties</keyword></descKeys><tempKeys><keyword>1992, 2000, 2001, 1997, 1999, 2002, 2003, 2004, 2004, 2005, 2007</keyword></tempKeys><descKeys KeyTypCd="004"><keyTyp><KeyTypCd value="004"/></keyTyp><keyword>1992, 2000, 2001, 1997, 1999, 2002, 2003, 2004, 2004, 2005, 2007</keyword></descKeys><resMaint><maintFreq><MaintFreqCd value="008"/></maintFreq></resMaint><searchKeys><keyword>polygon</keyword><keyword>area</keyword><keyword>demographics</keyword><keyword>United States</keyword><keyword>U.S. states</keyword><keyword>states</keyword><keyword>ClusterRefine</keyword><keyword>Esri Training Services</keyword></searchKeys><idPurp>This dataset represents the US state boundaries. The data was derived from data provided by the US Census Bureau.</idPurp><idCredit>US Census Bureau</idCredit><envirDesc Sync="TRUE">Microsoft Windows 10 Version 10.0 (Build 18362) ; Esri ArcGIS 12.8.0.29751</envirDesc><dataLang><languageCode value="eng" Sync="TRUE"/><countryCode value="USA" Sync="TRUE"/></dataLang><spatRpType><SpatRepTypCd value="001" Sync="TRUE"/></spatRpType><dataExt><geoEle xmlns=""><GeoBndBox esriExtentType="search"><exTypeCode Sync="TRUE">1</exTypeCode><westBL Sync="TRUE">-128.098093</westBL><eastBL Sync="TRUE">-65.193689</eastBL><northBL Sync="TRUE">51.703106</northBL><southBL Sync="TRUE">22.753070</southBL></GeoBndBox></geoEle></dataExt><tpCat><TopicCatCd value="003"/></tpCat><tpCat><TopicCatCd value="016"/></tpCat></dataIdInfo><mdConst><Consts><useLimit>&lt;DIV STYLE="text-align:Left;"&gt;&lt;DIV&gt;&lt;P&gt;&lt;SPAN&gt;THE DATA AND RELATED MATERIALS MAY CONTAIN SOME NONCONFORMITIES, DEFECTS, OR ERRORS. ESRI DOES NOT WARRANT THAT THE DATA WILL MEET USER'S NEEDS OR EXPECTATIONS; THAT THE USE OF THE DATA WILL BE UNINTERRUPTED; OR THAT ALL NONCONFORMITIES, DEFECTS, OR ERRORS CAN OR WILL BE CORRECTED. ESRI IS NOT INVITING RELIANCE ON THIS DATA, AND THE USER SHOULD ALWAYS VERIFY ACTUAL DATA.&lt;/SPAN&gt;&lt;/P&gt;&lt;P&gt;&lt;SPAN&gt;THE DATA AND RELATED MATERIALS ARE PROVIDED "AS-IS," WITHOUT WARRANTY OF ANY KIND, EITHER EXPRESS OR IMPLIED, INCLUDING, BUT NOT LIMITED TO, THE IMPLIED WARRANTIES OF MERCHANTABILITY AND FITNESS FOR A PARTICULAR PURPOSE.&lt;/SPAN&gt;&lt;/P&gt;&lt;P&gt;&lt;SPAN&gt;IN NO EVENT SHALL ESRI AND/OR ITS LICENSOR(S) BE LIABLE FOR COSTS OF PROCUREMENT OF SUBSTITUTE GOODS OR SERVICES; LOST PROFITS, LOST SALES, OR BUSINESS EXPENDITURES, INVESTMENTS, OR COMMITMENTS IN CONNECTION WITH ANY BUSINESS; LOSS OF ANY GOODWILL; OR FOR ANY INDIRECT, SPECIAL, INCIDENTAL, EXEMPLARY, OR CONSEQUENTIAL DAMAGES ARISING OUT OF THIS AGREEMENT OR USE OF THE DATA AND RELATED MATERIALS, HOWEVER CAUSED, ON ANY THEORY OF LIABILITY, AND WHETHER OR NOT ESRI OR ITS LICENSOR(S) HAVE BEEN ADVISED OF THE POSSIBILITY OF SUCH DAMAGE. THESE LIMITATIONS SHALL APPLY NOTWITHSTANDING ANY FAILURE OF ESSENTIAL PURPOSE OF ANY EXCLUSIVE REMEDY.&lt;/SPAN&gt;&lt;/P&gt;&lt;/DIV&gt;&lt;/DIV&gt;</useLimit></Consts></mdConst><dqInfo><dataLineage><statement>ArcUSA 1:25M (source 1 of 6) 

ESRI, 19920601, ArcUSA™ 1:25M: ESRI, Redlands, California, USA. 

Type of source media: CD–ROM
Source scale denominator: 25000000
Source contribution:
Attribute and geospatial data


Census SF1 (source 2 of 6) 

Department of Commerce, Census Bureau, 2001, Summary File 1 (SF1): Summary File 1 (SF1) 2000, Department of Commerce, Census Bureau, USA. 

Other citation details: 
The Summary File 1 (SF1) data is based on the 2000 Census of Population.

Type of source media: CD–ROM
Source contribution:
Attribute data


ESRI Community Data (source 3 of 6) 

ESRI, 2001; 200303; 200407; 20050519, 20070606, ESRI Community Data: ESRI® Community™ Data 2007, ESRI, Redlands, California, USA. 

Online links: 
http://www.esri.com 

Other citation details: 
Currently provides the POP2007 attribute. In the past has provided the POP2005, POP2004, POP2003, and POP2001 attributes and attribute data updates for the new U.S. counties.

Type of source media: electronic mail system, CD–ROM, DVD–ROM
Source contribution:
Attribute data


USDA Farm (source 4 of 6) 

U.S. Department of Agriculture (USDA), National Agricultural Statistics Service (NASS), 199903, 1997 Census of Agriculture: Census of Agriculture 1997, U.S. Department of Agriculture (USDA), National Agricultural Statistics Service (NASS), USA. 

Other citation details: 
The farm attributes come from data published by the U.S. Department of Agriculture (USDA), National Agricultural Statistics Service (NASS) based on the 1997 Census of Agriculture.

Type of source media: CD–ROM
Source contribution:
Attribute data


Tele Atlas Dynamap/Census Boundaries v4.0 (source 5 of 6) 

Tele Atlas North America, Inc., 200201, Dynamap/Census Boundaries v4.0: Tele Atlas® Dynamap®/Census Boundaries v4.0, Tele Atlas North America, Inc., Lebanon, New Hampshire, USA. 

Type of source media: CD–ROM
Source scale denominator: 100000
Source contribution:
Attribute and geospatial data


Tele Atlas Dynamap/2000 v. 14.0 (source 6 of 6) 

Tele Atlas North America, Inc., 200401, Dynamap/2000 v. 14.0: Tele Atlas® Dynamap®/2000 Version 14.0, Tele Atlas North America, Inc., Lebanon, New Hampshire, USA. 

Type of source media: CD–ROM
Source scale denominator: 100000
Source contribution:
Attribute and geospatial data


Date: 20020204 (change 1 of 5) 
The following steps were performed by ESRI for Data &amp; Maps 2002: Updated geospatial data to match Data &amp; Maps 2002 U.S. Counties. Replaced demographic and agricultural attributes with the latest from Census SF1, ESRI Community, and Census of Agriculture.  Recreated ArcView GIS legend file (.avl) and ArcGIS® layer file (.lyr).  Copied projection file (.prj).

The following steps were performed by ESRI: Extracted and generalized the features from ArcUSA 1:25M.  Added demographic attributes from Summary Tape File-1A (STF-1A) data published by the U.S. Census Bureau based on the 1990 Census of Population. Added farm attributes from data published by the U.S. Census Bureau based on the 1987 Census of Agriculture.  Added Pop2000 attribute from ESRI.  Converted to North American Datum of 1983 (NAD83) by splitting the United States into–if present: Alaska, Hawaii, Puerto Rico, U.S. Virgin Islands–and the 48 contiguous states (including District of Columbia); converting each to NAD83; then merging them together.  Recalculated any attributes based on area.  Added Kalawao county of Hawaii.   Created ArcGIS® layer file (.lyr).  Created projection file (.prj).  Ran ArcView GIS Avenue™ request ExportClean, and created spatial indices. Converted the data set to SDC.

Data sources used in this process: 
ArcUSA 1:25M 
Census SF1 
ESRI Community Data 
USDA Farm 
Tele Atlas Dynamap/Census Boundaries v4.0 


Date: 20040310 (change 2 of 5) 
The following steps were performed by ESRI: Updated geospatial data to match Data &amp; Maps 2004 U.S. Counties. Merged county (FIPS: 51560) Clifton Forge, VA into (FIPS: 51005) Alleghany, and updated attribute values for (FIPS: 51005) by combining the two. Added county (FIPS: 08014) Broomfield, CO and adjusted surrounding counties (FIPS: 08001) Adams, (FIPS: 08013) Boulder, (FIPS: 08059) Jefferson, and (FIPS: 08123) Weld. Updated attribute values for all five counties (values provided by ESRI). Used null value -99 in the few places where no new values were provided and we did not have the information. Replaced POP2001 with POP2003 from ESRI. Changed attribute name AREA to SQMI. Converted the data set to SDC. Created the projection file (.prj) and spatial indices.

Data sources used in this process: 
ArcUSA 1:25M 
Census SF1 
ESRI Community Data 
USDA Farm 
Tele Atlas Dynamap/Census Boundaries v4.0 
Tele Atlas Dynamap/2000 v. 14.0 


Date: 20050309 (change 3 of 5) 
The following steps were performed by ESRI: Moved attribute SQMI to the end of the attributes and rounded its values to the nearest tenth of a mile. Replaced attribute POP2003 with POP2004. Added attribute POP04_SQMI and calculated its values.

Data sources used in this process: 
ESRI Community Data 


Date: 20060410 (change 4 of 5) 
The following steps were performed by ESRI: Replaced attribute POP2004 with POP2005 and attribute POP04_SQMI with POP05_SQMI.  Calculated new values for attributes POP00_SQMI, POP05_SQMI, and SQMI.  Converted the data set to SDC.  Created ArcGIS® layer file (.lyr), projection file (.prj), and spatial indices.

Data sources used in this process: 
ESRI Community Data 


Date: 20070717 (change 5 of 5) 
The following steps were performed by ESRI: Replaced attribute POP2005 with POP2007 and attribute POP05_SQMI with POP07_SQMI. Calculated new values for POP07_SQMI. Converted the data set to SDC. Created ArcGIS® layer file (.lyr), projection file (.prj), and spatial indices.

Data sources used in this process: 
ESRI Community Data </statement></dataLineage><dqScope><scpLvl><ScopeCd value="005"/></scpLvl></dqScope></dqInfo><eainfo><detailed Name="SocialMediaState"><enttyp><enttypl Sync="TRUE">SocialMediaState</enttypl><enttypt Sync="TRUE">Feature Class</enttypt><enttypc Sync="TRUE">0</enttypc><enttypd>A type of governmental unit that is the primary legal division of every state except Alaska and Louisiana. A number of geographic entities are not legally designated as a county, but are recognized by the Census Bureau as equivalent to a county for data presentation purposes. These include the boroughs, city and boroughs, municipality, and census areas in Alaska; parishes in Louisiana; and cities that are independent of any county (independent cities) in Maryland, Missouri, Nevada, and Virginia. Because they contain no primary legal divisions, the Census Bureau treats the District of Columbia as equivalent to a county (as well as equivalent to a state) for data presentation purposes.</enttypd><enttypds>Department of Commerce, Census Bureau</enttypds></enttyp><attr><attrlabl Sync="TRUE">FID</attrlabl><attalias Sync="TRUE">FID</attalias><attrtype Sync="TRUE">OID</attrtype><attwidth Sync="TRUE">4</attwidth><atprecis Sync="TRUE">0</atprecis><attscale Sync="TRUE">0</attscale><attrdef Sync="TRUE">Internal feature number.</attrdef><attrdefs Sync="TRUE">Esri</attrdefs><attrdomv><udom Sync="TRUE">Sequential unique whole numbers that are automatically generated.</udom></attrdomv></attr><attr><attrlabl Sync="TRUE">Shape</attrlabl><attalias Sync="TRUE">Shape</attalias><attrtype Sync="TRUE">Geometry</attrtype><attwidth Sync="TRUE">0</attwidth><atprecis Sync="TRUE">0</atprecis><attscale Sync="TRUE">0</attscale><attrdef Sync="TRUE">Feature geometry.</attrdef><attrdefs Sync="TRUE">ESRI</attrdefs><attrdomv><udom Sync="TRUE">Coordinates defining the features.</udom></attrdomv></attr><attr><attrlabl Sync="TRUE">StateFIPS</attrlabl><attalias Sync="TRUE">StateFIPS</attalias><attrtype Sync="TRUE">String</attrtype><attwidth Sync="TRUE">254</attwidth><atprecis Sync="TRUE">0</atprecis><attscale Sync="TRUE">0</attscale></attr><attr><attrlabl Sync="TRUE">Shape_Leng</attrlabl><attalias Sync="TRUE">Shape_Leng</attalias><attrtype Sync="TRUE">Double</attrtype><attwidth Sync="TRUE">19</attwidth><atprecis Sync="TRUE">0</atprecis><attscale Sync="TRUE">0</attscale></attr><attr><attrlabl Sync="TRUE">Shape_Area</attrlabl><attalias Sync="TRUE">Shape_Area</attalias><attrtype Sync="TRUE">Double</attrtype><attwidth Sync="TRUE">19</attwidth><atprecis Sync="TRUE">0</atprecis><attscale Sync="TRUE">0</attscale><attrdef Sync="TRUE">Area of feature in internal units squared.</attrdef><attrdefs Sync="TRUE">Esri</attrdefs><attrdomv><udom Sync="TRUE">Positive real numbers that are automatically generated.</udom></attrdomv></attr><attr><attrlabl Sync="TRUE">NAME</attrlabl><attalias Sync="TRUE">NAME</attalias><attrtype Sync="TRUE">String</attrtype><attwidth Sync="TRUE">50</attwidth><atprecis Sync="TRUE">0</atprecis><attscale Sync="TRUE">0</attscale></attr><attr><attrlabl Sync="TRUE">STATE_ABBR</attrlabl><attalias Sync="TRUE">STATE_ABBR</attalias><attrtype Sync="TRUE">String</attrtype><attwidth Sync="TRUE">20</attwidth><atprecis Sync="TRUE">0</atprecis><attscale Sync="TRUE">0</attscale></attr></detailed></eainfo><mdLang><languageCode value="eng" Sync="TRUE"/><countryCode value="USA" Sync="TRUE"/></mdLang><mdHrLv><ScopeCd value="005" Sync="TRUE"/></mdHrLv><mdHrLvName Sync="TRUE">dataset</mdHrLvName><refSysInfo><RefSystem><refSysID><identCode code="102005" Sync="TRUE"/><idCodeSpace Sync="TRUE">Esri</idCodeSpace><idVersion Sync="TRUE">4.0.0</idVersion></refSysID></RefSystem></refSysInfo><spatRepInfo><VectSpatRep><geometObjs Name="SocialMediaState"><geoObjTyp><GeoObjTypCd value="002" Sync="TRUE"></GeoObjTypCd></geoObjTyp><geoObjCnt Sync="TRUE">0</geoObjCnt></geometObjs><topLvl><TopoLevCd value="001" Sync="TRUE"></TopoLevCd></topLvl></VectSpatRep></spatRepInfo><spdoinfo><ptvctinf><esriterm Name="SocialMediaState"><efeatyp Sync="TRUE">Simple</efeatyp><efeageom code="4" Sync="TRUE"></efeageom><esritopo Sync="TRUE">FALSE</esritopo><efeacnt Sync="TRUE">0</efeacnt><spindex Sync="TRUE">FALSE</spindex><linrefer Sync="TRUE">FALSE</linrefer></esriterm></ptvctinf></spdoinfo><mdDateSt Sync="TRUE">20211221</mdDateSt></metadata>
