<metadata xml:lang="en"><Esri><CreaDate>20180510</CreaDate><CreaTime>10240600</CreaTime><ArcGISFormat>1.0</ArcGISFormat><ArcGISstyle>ISO 19139 Metadata Implementation Specification</ArcGISstyle><SyncOnce>FALSE</SyncOnce><DataProperties><itemProps><itemName Sync="TRUE">TX_Boundary</itemName><nativeExtBox><westBL Sync="TRUE">373021.172800</westBL><eastBL Sync="TRUE">1618133.217400</eastBL><southBL Sync="TRUE">412823.203900</southBL><northBL Sync="TRUE">1594964.819000</northBL><exTypeCode Sync="TRUE">1</exTypeCode></nativeExtBox><itemLocation><linkage Sync="FALSE">withheld</linkage><protocol Sync="TRUE">Local Area Network</protocol></itemLocation><itemSize Sync="TRUE">0.000</itemSize><imsContentType Sync="TRUE">002</imsContentType></itemProps><coordRef><type Sync="TRUE">Projected</type><geogcsn Sync="TRUE">GCS_North_American_1983</geogcsn><csUnits Sync="TRUE">Linear Unit: Meter (1.000000)</csUnits><peXml Sync="TRUE">&lt;ProjectedCoordinateSystem xsi:type='typens:ProjectedCoordinateSystem' xmlns:xsi='http://www.w3.org/2001/XMLSchema-instance' xmlns:xs='http://www.w3.org/2001/XMLSchema' xmlns:typens='http://www.esri.com/schemas/ArcGIS/2.8.0'&gt;&lt;WKT&gt;PROJCS[&amp;quot;NAD_1983_Texas_Statewide_Mapping_System&amp;quot;,GEOGCS[&amp;quot;GCS_North_American_1983&amp;quot;,DATUM[&amp;quot;D_North_American_1983&amp;quot;,SPHEROID[&amp;quot;GRS_1980&amp;quot;,6378137.0,298.257222101]],PRIMEM[&amp;quot;Greenwich&amp;quot;,0.0],UNIT[&amp;quot;Degree&amp;quot;,0.0174532925199433]],PROJECTION[&amp;quot;Lambert_Conformal_Conic&amp;quot;],PARAMETER[&amp;quot;False_Easting&amp;quot;,1000000.0],PARAMETER[&amp;quot;False_Northing&amp;quot;,1000000.0],PARAMETER[&amp;quot;Central_Meridian&amp;quot;,-100.0],PARAMETER[&amp;quot;Standard_Parallel_1&amp;quot;,27.41666666666667],PARAMETER[&amp;quot;Standard_Parallel_2&amp;quot;,34.91666666666666],PARAMETER[&amp;quot;Latitude_Of_Origin&amp;quot;,31.16666666666667],UNIT[&amp;quot;Meter&amp;quot;,1.0],AUTHORITY[&amp;quot;EPSG&amp;quot;,3081]]&lt;/WKT&gt;&lt;XOrigin&gt;-37624400&lt;/XOrigin&gt;&lt;YOrigin&gt;-27099700&lt;/YOrigin&gt;&lt;XYScale&gt;116599859.86502042&lt;/XYScale&gt;&lt;ZOrigin&gt;-100000&lt;/ZOrigin&gt;&lt;ZScale&gt;10000&lt;/ZScale&gt;&lt;MOrigin&gt;-100000&lt;/MOrigin&gt;&lt;MScale&gt;10000&lt;/MScale&gt;&lt;XYTolerance&gt;0.001&lt;/XYTolerance&gt;&lt;ZTolerance&gt;0.001&lt;/ZTolerance&gt;&lt;MTolerance&gt;0.001&lt;/MTolerance&gt;&lt;HighPrecision&gt;true&lt;/HighPrecision&gt;&lt;WKID&gt;102603&lt;/WKID&gt;&lt;LatestWKID&gt;3081&lt;/LatestWKID&gt;&lt;/ProjectedCoordinateSystem&gt;</peXml><projcsn Sync="TRUE">NAD_1983_Texas_Statewide_Mapping_System</projcsn></coordRef><lineage><Process ToolSource="c:\program files\arcgis\pro\Resources\ArcToolbox\toolboxes\Conversion Tools.tbx\FeatureClassToFeatureClass" Date="20211221" Time="163857">FeatureClassToFeatureClass TX_Boundary "C:\Users\sjs96\Desktop\SPatial data analytics course\DEscriptive stats lab\Lab 1 Demo data" TX_Boundary.shp # "NAME "NAME" true true false 50 Text 0 0,First,#,TX_Boundary,NAME,0,50;STATE_ABBR "STATE_ABBR" true true false 20 Text 0 0,First,#,TX_Boundary,STATE_ABBR,0,20;STATE_FIPS "STATE_FIPS" true true false 2 Text 0 0,First,#,TX_Boundary,STATE_FIPS,0,2;POP "POP" true true false 4 Long 0 0,First,#,TX_Boundary,POP,-1,-1;SQ_MILES "SQ_MILES" true true false 8 Double 0 0,First,#,TX_Boundary,SQ_MILES,-1,-1;Shape_Length "Shape_Length" false true true 8 Double 0 0,First,#,TX_Boundary,Shape_Length,-1,-1;Shape_Area "Shape_Area" false true true 8 Double 0 0,First,#,TX_Boundary,Shape_Area,-1,-1" #</Process></lineage></DataProperties><SyncDate>20211221</SyncDate><SyncTime>16385700</SyncTime><ModDate>20211221</ModDate><ModTime>16385700</ModTime><scaleRange><minScale>500000</minScale><maxScale>50000</maxScale></scaleRange><ArcGISProfile>ISO19139</ArcGISProfile></Esri><mdLang><languageCode value="eng"/><countryCode value="USA" Sync="TRUE"/></mdLang><mdChar><CharSetCd value="004"/></mdChar><mdHrLv><ScopeCd value="005"/></mdHrLv><mdDateSt Sync="TRUE">20211221</mdDateSt><mdStanName>ArcGIS Metadata</mdStanName><mdStanVer>1.0</mdStanVer><distInfo><distributor><distorCont><rpOrgName>Earth Explorer, U.S. Geological Survey</rpOrgName><rpCntInfo><cntPhone><voiceNum>866-573-3222</voiceNum><voiceNum>605-594-6116</voiceNum></cntPhone><cntAddress addressType="postal"><delPoint>47914 252nd Street</delPoint><delPoint>U.S. Geological Survey</delPoint><city>Sioux Falls</city><adminArea>SD</adminArea><postCode>57198-0001</postCode><eMailAdd>custserv@usgs.gov</eMailAdd></cntAddress></rpCntInfo><role><RoleCd value="005"/></role></distorCont><distorOrdPrc><resFees>None</resFees></distorOrdPrc><distorFormat><formatName>ESRI Shapefile</formatName></distorFormat><distorFormat><formatName>ESRI File Geodatabase 10.0</formatName></distorFormat><distorTran><onLineSrc><linkage>http://nationalatlas.gov/atlasftp-1m.html</linkage></onLineSrc></distorTran><distorTran><onLineSrc><linkage>http://nationalatlas.gov/atlasftp-1m.html</linkage></onLineSrc></distorTran></distributor><distTranOps><onLineSrc><linkage>http://nationalatlas.gov/atlasftp-1m.html</linkage></onLineSrc><transSize Sync="TRUE">0.000</transSize></distTranOps><distFormat><formatName Sync="TRUE">Shapefile</formatName></distFormat></distInfo><dataIdInfo><idCitation><resTitle Sync="TRUE">TX_Boundary</resTitle><date><pubDate>2014-03-01</pubDate></date><citRespParty><rpOrgName>National Atlas of the United States</rpOrgName><role><RoleCd value="006"/></role></citRespParty><citRespParty><rpOrgName>National Atlas of the United States</rpOrgName><rpCntInfo><cntAddress><delPoint>Rolla, MO</delPoint></cntAddress></rpCntInfo><role><RoleCd value="010"/></role></citRespParty><presForm><PresFormCd value="005"/></presForm><presForm><fgdcGeoform>Vector digital data</fgdcGeoform></presForm></idCitation><idAbs>&lt;DIV STYLE="text-align:Left;"&gt;&lt;DIV&gt;&lt;DIV&gt;&lt;P&gt;&lt;SPAN&gt;This dataset represents the Texas state boundary for the United States. It was created from US state boundary data ,which was created by extracting county polygon features from the CENSUS 2006 TIGER/Line files produced by the U.S. Census Bureau. These files were then merged into a single file and county boundaries within States were removed. This is a revised version of the July 2012 map layer.&lt;/SPAN&gt;&lt;/P&gt;&lt;/DIV&gt;&lt;/DIV&gt;&lt;/DIV&gt;</idAbs><idPurp>This data represents Texas state boundary. The data was derived from data provided by the U.S. Census.

This data is intended for geographic display and analysis at the national level, and for large regional areas. The data should be displayed and analyzed at scales appropriate for 1:1,000,000-scale data. No responsibility is assumed by the National Atlas of the United States in the use of these data.</idPurp><idStatus><ProgCd value="001"/></idStatus><idPoC><rpOrgName>National Atlas of the United States</rpOrgName><rpCntInfo><cntPhone><voiceNum>1-888-ASK-USGS (1-888-275-8747)</voiceNum></cntPhone><cntAddress addressType="both"><delPoint>12201 Sunrise Valley Drive</delPoint><delPoint>U.S. Geological Survey</delPoint><delPoint>511 National Center</delPoint><city>Reston</city><adminArea>VA</adminArea><postCode>20192</postCode><eMailAdd>atlasmail@usgs.gov</eMailAdd></cntAddress><cntInstr>For questions about this map layer or metadata, please contact the National Atlas using the information above, or through the U.S. Geological Survey contact page at http://www.usgs.gov/ask/. For distribution questions, please see the Distribution Information elsewhere in this metadata.</cntInstr></rpCntInfo><role><RoleCd value="007"/></role></idPoC><resMaint><maintFreq><MaintFreqCd value="010"/></maintFreq></resMaint><placeKeys><thesaName><resTitle>U.S. Department of Commerce; 2013; American National Standards Institute (ANSI) Codes for States, the District of Columbia, Puerto Rico, and the Insular Areas of the United States; Washington, DC; U.S. Census Bureau; http://www.census.gov/geo/reference/ansi_statetables.html.</resTitle></thesaName><keyword>Vermont</keyword><keyword>Maine</keyword><keyword>U.S. Virgin Islands</keyword><keyword>New Hampshire</keyword><keyword>Oregon</keyword><keyword>Kansas</keyword><keyword>Alabama</keyword><keyword>Iowa</keyword><keyword>Alaska</keyword><keyword>Florida</keyword><keyword>New Jersey</keyword><keyword>Maryland</keyword><keyword>Michigan</keyword><keyword>Idaho</keyword><keyword>Pennsylvania</keyword><keyword>Missouri</keyword><keyword>Texas</keyword><keyword>Virgin Islands</keyword><keyword>Arkansas</keyword><keyword>Massachusetts</keyword><keyword>Indiana</keyword><keyword>Colorado</keyword><keyword>Ohio</keyword><keyword>Virginia</keyword><keyword>Illinois</keyword><keyword>Montana</keyword><keyword>Utah</keyword><keyword>Washington</keyword><keyword>South Carolina</keyword><keyword>Kentucky</keyword><keyword>Puerto Rico</keyword><keyword>Louisiana</keyword><keyword>Mississippi</keyword><keyword>Nebraska</keyword><keyword>New Mexico</keyword><keyword>North Carolina</keyword><keyword>West Virginia</keyword><keyword>Delaware</keyword><keyword>Wyoming</keyword><keyword>Arizona</keyword><keyword>New York</keyword><keyword>Connecticut</keyword><keyword>South Dakota</keyword><keyword>Wisconsin</keyword><keyword>Oklahoma</keyword><keyword>Georgia</keyword><keyword>Tennessee</keyword><keyword>District of Columbia</keyword><keyword>Rhode Island</keyword><keyword>California</keyword><keyword>Minnesota</keyword><keyword>North Dakota</keyword><keyword>Nevada</keyword><keyword>Hawaii</keyword></placeKeys><placeKeys><thesaName><resTitle>Organization for International Standards, 2008, ISO 3166 Country Codes, https://www.iso.org/obp/ui/#search</resTitle></thesaName><keyword>US</keyword><keyword>United States</keyword></placeKeys><placeKeys><keyword>USA</keyword></placeKeys><themeKeys><keyword>State boundaries</keyword><keyword>State</keyword></themeKeys><themeKeys><thesaName><resTitle>ISO 19115 Topic Category</resTitle></thesaName><keyword>Boundaries</keyword></themeKeys><searchKeys><keyword>Texas</keyword><keyword>USA</keyword><keyword>Boundary</keyword><keyword>Esri Training Services</keyword><keyword>ClusterOptimize</keyword></searchKeys><resConst><LegConsts><useLimit>Although these data have been processed successfully on a computer system at the U.S. Geological Survey, no warranty expressed or implied is made by the U.S. Geological Survey regarding the utility of the data on any other system, nor shall the act of distribution constitute any such warranty. No responsibility is assumed by the U.S. Geological Survey in the use of these data.</useLimit></LegConsts></resConst><resConst><Consts><useLimit>&lt;DIV STYLE="text-align:Left;"&gt;&lt;DIV&gt;&lt;DIV&gt;&lt;P&gt;&lt;SPAN&gt;None. Acknowledgment of The National Atlas of the United States of America would be appreciated in products derived from these data.&lt;/SPAN&gt;&lt;/P&gt;&lt;/DIV&gt;&lt;/DIV&gt;&lt;/DIV&gt;</useLimit></Consts></resConst><spatRpType><SpatRepTypCd value="001"/></spatRpType><dataLang><languageCode value="eng"/><countryCode value="USA" Sync="TRUE"/></dataLang><dataExt><exDesc>Publication date</exDesc><tempEle><TempExtent><exTemp><TM_Instant><tmPosition>2014-03-01</tmPosition></TM_Instant></exTemp></TempExtent></tempEle></dataExt><dataExt><geoEle><GeoBndBox><westBL>170</westBL><eastBL>-64</eastBL><southBL>17</southBL><northBL>72</northBL></GeoBndBox></geoEle></dataExt><envirDesc Sync="TRUE">Microsoft Windows 10 Version 10.0 (Build 18362) ; Esri ArcGIS 12.8.0.29751</envirDesc><dataExt><geoEle><GeoBndBox esriExtentType="search"><exTypeCode Sync="TRUE">1</exTypeCode><westBL Sync="TRUE">-106.976061</westBL><eastBL Sync="TRUE">-93.122104</eastBL><northBL Sync="TRUE">36.534194</northBL><southBL Sync="TRUE">25.705636</southBL></GeoBndBox></geoEle></dataExt><idCredit>U.S. Census</idCredit><tpCat><TopicCatCd value="003"/></tpCat></dataIdInfo><mdConst><SecConsts><class><ClasscationCd value="001"/></class><classSys>None</classSys><handDesc>None</handDesc></SecConsts></mdConst><dqInfo><dqScope><scpLvl><ScopeCd value="005"/></scpLvl></dqScope><report type="DQTopConsis"><evalMethDesc>The map layer was checked for topological consistency using ArcGIS. No other checks for logical consistency were performed on this map layer.</evalMethDesc></report><report type="DQConcConsis"><measDesc>The map layer was checked for topological consistency using ArcGIS. No other checks for logical consistency were performed on this map layer.</measDesc></report><report type="DQCompOm"><measDesc>This map layer includes State boundaries for all 50 States, Puerto Rico, and the U.S. Virgin Islands.</measDesc></report><dataLineage><dataSource><srcDesc>Spatial data</srcDesc><srcCitatn><resTitle>Legal Boundary Points</resTitle><resAltTitle>Can_US_Boundary 2009</resAltTitle><date><pubDate date="unknown"/></date><citRespParty><rpOrgName>Government of Canada, Natural Resources Canada, Geomatics Canada, Surveyor General's Branch, International Boundary Commission</rpOrgName><role><RoleCd value="006"/></role></citRespParty><presForm><fgdcGeoform>Point digital data</fgdcGeoform></presForm><otherCitDet>Updated and converted from NAD27 to NAD83 boundary monument coordinates.</otherCitDet></srcCitatn><srcExt><exDesc>Date of data acquisition</exDesc><tempEle><TempExtent><exTemp><TM_Instant><tmPosition>2009-10-01</tmPosition></TM_Instant></exTemp></TempExtent></tempEle></srcExt></dataSource><dataSource><srcDesc>Spatial information</srcDesc><srcMedName><MedNameCd value="015"/></srcMedName><srcCitatn><resTitle>Atlas of Canada National Scale Data 1:1,000,000 - Boundary Lines</resTitle><resAltTitle>Canada Boundary</resAltTitle><date><pubDate>2013-11-08</pubDate></date><citRespParty><rpOrgName>Government of Canada, Natural Resources Canada, Mapping Information Branch</rpOrgName><role><RoleCd value="006"/></role></citRespParty><citRespParty><rpOrgName>Government of Canada</rpOrgName><rpCntInfo><cntAddress><delPoint>Ottawa, Ontario, Canada</delPoint></cntAddress></rpCntInfo><role><RoleCd value="010"/></role></citRespParty><presForm><PresFormCd value="005"/></presForm><presForm><fgdcGeoform>Vector digital data</fgdcGeoform></presForm><citOnlineRes><linkage>http://geogratis.gc.ca/api/en/nrcan-rncan/ess-sst/689a20f0-55bd-574a-9917-a0ab89912d56.html</linkage></citOnlineRes></srcCitatn><srcExt><exDesc>Publication date</exDesc><tempEle><TempExtent><exTemp><TM_Instant><tmPosition>2013-11-08</tmPosition></TM_Instant></exTemp></TempExtent></tempEle></srcExt></dataSource><dataSource><srcDesc>Spatial information</srcDesc><srcCitatn><resTitle>1:1,000,000-Scale National Atlas map layers and other quality control files</resTitle><resAltTitle>QC</resAltTitle><date><pubDate date="unknown"/></date><citRespParty><rpOrgName>National Atlas of the United States</rpOrgName><role><RoleCd value="006"/></role></citRespParty><otherCitDet>Numerous sources were used to perform quality-control and vertical integration, including all the 1:1,000,000-scale National Atlas map layers, a variety of online sources, and online USGS topographic maps. More information is available from the National Atlas contacts listed elsewhere in this metadata.</otherCitDet></srcCitatn><srcExt><exDesc>Variable</exDesc><tempEle><TempExtent><exTemp><TM_Instant><tmPosition date="unknown"/></TM_Instant></exTemp></TempExtent></tempEle></srcExt></dataSource><dataSource><srcDesc>Attribute information</srcDesc><srcMedName><MedNameCd value="015"/></srcMedName><srcCitatn><resTitle>American Factfinder, Total Population, Table DEC_10_SF1_P1</resTitle><resAltTitle>Census 2010 Population</resAltTitle><date><pubDate>2012-01-01</pubDate></date><citRespParty><rpOrgName>United States Census Bureau</rpOrgName><rpCntInfo><cntAddress><delPoint>Suitland, MD</delPoint></cntAddress></rpCntInfo><role><RoleCd value="010"/></role></citRespParty><citRespParty><rpOrgName>United States Census Bureau</rpOrgName><role><RoleCd value="006"/></role></citRespParty><citOnlineRes><linkage>http://factfinder2.census.gov/faces/tableservices/jsf/pages/productview.xhtml?pid=DEC_10_SF1_P1&amp;prodType=table</linkage></citOnlineRes></srcCitatn><srcExt><exDesc>Date of data download</exDesc><tempEle><TempExtent><exTemp><TM_Instant><tmPosition>2013-01-23</tmPosition></TM_Instant></exTemp></TempExtent></tempEle></srcExt></dataSource><dataSource><srcDesc>  Positional reference </srcDesc><srcScale><rfDenom>250000</rfDenom></srcScale><srcCitatn><resTitle>National Topographic System Maps (1:250 000)</resTitle><resAltTitle>Canada 250K Topo</resAltTitle><date><pubDate date="unknown"/></date><citRespParty><rpOrgName>Government of Canada</rpOrgName><rpCntInfo><cntAddress><delPoint>Ottawa, Ontario, Canada</delPoint></cntAddress></rpCntInfo><role><RoleCd value="010"/></role></citRespParty><citRespParty><rpOrgName>Government of Canada, Natural Resources Canada, Mapping Information Branch</rpOrgName><role><RoleCd value="006"/></role></citRespParty></srcCitatn><srcExt><exDesc>Ground condition</exDesc><tempEle><TempExtent><exTemp><TM_Period><tmBegin>1945-01-01</tmBegin><tmEnd date="now"/></TM_Period></exTemp></TempExtent></tempEle></srcExt></dataSource><dataSource><srcDesc>Spatial and attribute information</srcDesc><srcMedName><MedNameCd value="015"/></srcMedName><srcCitatn><resTitle>2006 Second Edition TIGER/Line files - Boundaries</resTitle><resAltTitle>Bound-Cen06</resAltTitle><date><pubDate>2007-01-01</pubDate></date><citRespParty><rpOrgName>U.S. Census Bureau</rpOrgName><role><RoleCd value="006"/></role></citRespParty></srcCitatn><srcExt><exDesc>Publication date</exDesc><tempEle><TempExtent><exTemp><TM_Instant><tmPosition>2006-10-01</tmPosition></TM_Instant></exTemp></TempExtent></tempEle></srcExt></dataSource><dataSource><srcDesc>Spatial and attribute information</srcDesc><srcMedName><MedNameCd value="015"/></srcMedName><srcCitatn><resTitle>1:1,000,000-Scale State Boundaries of the United States</resTitle><resAltTitle>National Atlas 1M States 2012</resAltTitle><date><pubDate>2012-07-01</pubDate></date><citRespParty><rpOrgName>National Atlas of the United States</rpOrgName><role><RoleCd value="006"/></role></citRespParty><citRespParty><rpOrgName>National Atlas of the United States</rpOrgName><rpCntInfo><cntAddress><delPoint>Rolla, MO</delPoint></cntAddress></rpCntInfo><role><RoleCd value="010"/></role></citRespParty></srcCitatn><srcExt><exDesc>Publication date</exDesc><tempEle><TempExtent><exTemp><TM_Instant><tmPosition>2012-07-01</tmPosition></TM_Instant></exTemp></TempExtent></tempEle></srcExt></dataSource><dataSource><srcDesc>Attribute information</srcDesc><srcMedName><MedNameCd value="015"/></srcMedName><srcCitatn><resTitle>U.S. Census Bureau Releases 2010 Census Population Counts for the U.S. Virgin Islands</resTitle><resAltTitle>Census 2010 USVI Population</resAltTitle><date><pubDate>2011-08-24</pubDate></date><citRespParty><rpOrgName>United States Census Bureau</rpOrgName><rpCntInfo><cntAddress><delPoint>Suitland, MD</delPoint></cntAddress></rpCntInfo><role><RoleCd value="010"/></role></citRespParty><citRespParty><rpOrgName>United States Census Bureau</rpOrgName><role><RoleCd value="006"/></role></citRespParty><citOnlineRes><linkage>http://www.census.gov/2010census/news/releases/operations/cb11-cn180.html</linkage></citOnlineRes></srcCitatn><srcExt><exDesc>Ground condition</exDesc><tempEle><TempExtent><exTemp><TM_Instant><tmPosition>2010-01-01</tmPosition></TM_Instant></exTemp></TempExtent></tempEle></srcExt></dataSource><prcStep><stepDesc>The 1:1,000,000-scale county and State boundaries were derived from U.S. Census TIGER (Topologically Integrated Geographic Encoding and Reference system) data. The TIGER files were merged and generalized. County boundaries within States were removed using the ESRI dissolve tool.</stepDesc><stepDateTm>2007-01-01</stepDateTm><stepSrc type="used"><srcCitatn><resAltTitle>Bound_Cen06</resAltTitle></srcCitatn></stepSrc></prcStep><prcStep><stepDesc>All the 1:1,000,000-scale map layers were checked for vertical integration. Line positions were adjusted as necessary to remove overlaps. Wherever possible, linear features were separated by 300 meters, but were kept within 500 meters of their true location.</stepDesc><stepDateTm>2012-01-01</stepDateTm><stepSrc type="used"><srcCitatn><resAltTitle>QC</resAltTitle></srcCitatn></stepSrc><stepSrc type="produced"><srcCitatn><resAltTitle>National Atlas 1M States 2012</resAltTitle></srcCitatn></stepSrc></prcStep><prcStep><stepDesc>Data along the Canadian border were adjusted so that the Canadian and U.S. 1:1,000,000-scale data sets can be used together as seamlessly as possible. Problem areas were identified by Natural Resources Canada (NRCan) and edits to the U.S. data were performed by the USGS. To identify problems, the National Atlas 1M States 2012 data set was projected to the NRCan working coordinate system, which is a Lambert Conformal Conic projection with standard parallels of 49 and 77 degrees, datum of NAD83, an XY tolerance of 0.001 meters, and an XY resolution of 0.0001 meters. The Canadian and U.S. data sets were displayed together and features were compared across the border. An initial set of comments and suggestions for edits were sent to the USGS by NRCan. NRCan used satellite imagery for reference during the editing process by converting the appropriate National Atlas 1:1,000,000-scale map layers and the 250K Canadian topographic data to KML and loading the KMLs into GoogleEarth. Using the cursor coordinates in the ArcMap status bar, NRCan visually navigated and correlated the ArcMap and GoogleEarth vectors. NRCan exported their findings and sent them to the USGS for correction and (or) further comment. USGS reviewed the Canadian findings and returned the data to NRCan with comments. The U.S. data were either edited, not edited and further explanation was requested, or not edited and changes were suggested for the Canadian data. This process was repeated until both NRCan and USGS felt that the data were satisfactorily harmonized.</stepDesc><stepDateTm>2013-01-01</stepDateTm><stepSrc type="used"><srcCitatn><resAltTitle>Can_US_Boundary 2009</resAltTitle></srcCitatn></stepSrc><stepSrc type="used"><srcCitatn><resAltTitle>Canada 250K Topo</resAltTitle></srcCitatn></stepSrc><stepSrc type="used"><srcCitatn><resAltTitle>Can_US_Boundary 2011</resAltTitle></srcCitatn></stepSrc><stepSrc type="used"><srcCitatn><resAltTitle>Canada Boundary</resAltTitle></srcCitatn></stepSrc><stepSrc type="used"><srcCitatn><resAltTitle>National Atlas 1M States 2012</resAltTitle></srcCitatn></stepSrc><stepSrc type="used"><srcCitatn><resAltTitle>QC</resAltTitle></srcCitatn></stepSrc></prcStep><prcStep><stepDesc>The map layer was saved in shapefile and in file geodatabase formats.</stepDesc><stepDateTm>2013-01-01</stepDateTm></prcStep><prcStep><stepDesc>The areas in the file were combined into large polygons, one for each State including associated islands, and for States that border the Great Lakes, one for the water area of each State. Population values were added from the 2010 Census information. The data were projected by region to the National Atlas Albers Equal Area Conic projection, fields were added for the perimeter measurement and square miles, the values were calculated using ArcMap, and the data were converted back to geographic coordinates. The Albers Equal Area Conic parameters used are available on request.</stepDesc><stepDateTm>2013-01-01</stepDateTm><stepSrc type="used"><srcCitatn><resAltTitle>Census 2010 USVI Population</resAltTitle></srcCitatn></stepSrc><stepSrc type="used"><srcCitatn><resAltTitle>Census 2010 Population</resAltTitle></srcCitatn></stepSrc></prcStep></dataLineage></dqInfo><spatRepInfo><VectSpatRep><geometObjs Name="TX_Boundary"><geoObjTyp><GeoObjTypCd value="002" Sync="TRUE"></GeoObjTypCd></geoObjTyp><geoObjCnt Sync="TRUE">0</geoObjCnt></geometObjs><topLvl><TopoLevCd value="001" Sync="TRUE"></TopoLevCd></topLvl></VectSpatRep></spatRepInfo><spatRepInfo><Indref>U.S. Department of Commerce; 2013; American National Standards Institute (ANSI) Codes for States, the District of Columbia, Puerto Rico, and the Insular Areas of the United States; U.S. Census Bureau.</Indref><VectSpatRep><geometObjs Name="TX_Boundary"><geoObjTyp><GeoObjTypCd value="002" Sync="TRUE"></GeoObjTypCd></geoObjTyp><geoObjCnt Sync="TRUE">0</geoObjCnt></geometObjs><topLvl><TopoLevCd value="001" Sync="TRUE"></TopoLevCd></topLvl></VectSpatRep></spatRepInfo><eainfo><detailed Name="TX_Boundary"><enttyp><enttypl Sync="TRUE">TX_Boundary</enttypl><enttypd>A first order division of the nation, including States and State equivalents.</enttypd><enttypds>National Atlas of the United States</enttypds><enttypt Sync="TRUE">Feature Class</enttypt><enttypc Sync="TRUE">0</enttypc></enttyp><attr><attrlabl Sync="TRUE">FID</attrlabl><attalias Sync="TRUE">FID</attalias><attrtype Sync="TRUE">OID</attrtype><attwidth Sync="TRUE">4</attwidth><atprecis Sync="TRUE">0</atprecis><attscale Sync="TRUE">0</attscale><attrdef Sync="TRUE">Internal feature number.</attrdef><attrdefs Sync="TRUE">Esri</attrdefs><attrdomv><udom Sync="TRUE">Sequential unique whole numbers that are automatically generated.</udom></attrdomv></attr><attr><attrlabl>Shape</attrlabl><attrdef>The representation of the entity in the data.</attrdef><attrdefs>National Atlas of the United States</attrdefs><attrdomv><edom><edomv>Polygon</edomv><edomvd>2-dimensional element</edomvd><edomvds>ESRI GIS software</edomvds></edom><udom Sync="TRUE">Coordinates defining the features.</udom></attrdomv><attalias Sync="TRUE">Shape</attalias><attrtype Sync="TRUE">Geometry</attrtype><attwidth Sync="TRUE">0</attwidth><atprecis Sync="TRUE">0</atprecis><attscale Sync="TRUE">0</attscale></attr><attr><attrlabl>Name</attrlabl><attrdef>The name of the State or State equivalent.</attrdef><attrdefs>National Atlas of the United States</attrdefs><attrdomv><codesetd><codesetn>
American National Standards Institute (ANSI) Codes for States, the District of Columbia,
Puerto Rico, and the Insular Areas of the United States
</codesetn><codesets>U.S. Census Bureau</codesets></codesetd></attrdomv><attalias Sync="TRUE">NAME</attalias><attrtype Sync="TRUE">String</attrtype><attwidth Sync="TRUE">50</attwidth><atprecis Sync="TRUE">0</atprecis><attscale Sync="TRUE">0</attscale></attr><attr><attrlabl>State_abbr</attrlabl><attrdef>The 2-character abbreviation for the State or State equivalent.</attrdef><attrdefs>National Atlas of the United States</attrdefs><attrdomv><codesetd><codesetn>
American National Standards Institute (ANSI) Codes for States, the District of Columbia,
Puerto Rico, and the Insular Areas of the United States
</codesetn><codesets>U.S. Census Bureau</codesets></codesetd></attrdomv><attalias Sync="TRUE">STATE_ABBR</attalias><attrtype Sync="TRUE">String</attrtype><attwidth Sync="TRUE">20</attwidth><atprecis Sync="TRUE">0</atprecis><attscale Sync="TRUE">0</attscale></attr><attr><attrlabl>State_fips</attrlabl><attrdef>The 2-digit FIPS code of the State or State equivalent.</attrdef><attrdefs>National Atlas of the United States</attrdefs><attrdomv><codesetd><codesetn>
American National Standards Institute (ANSI) Codes for States, the District of Columbia,
Puerto Rico, and the Insular Areas of the United States
</codesetn><codesets>U.S. Census Bureau</codesets></codesetd></attrdomv><attalias Sync="TRUE">STATE_FIPS</attalias><attrtype Sync="TRUE">String</attrtype><attwidth Sync="TRUE">2</attwidth><atprecis Sync="TRUE">0</atprecis><attscale Sync="TRUE">0</attscale></attr><attr><attrlabl>Pop</attrlabl><attrdef>The population of the State or State equivalent, as found in the 2010 Census.</attrdef><attrdefs>National Atlas of the United States</attrdefs><attrdomv><edom><edomv>0</edomv><edomvd>The area is water (the Great Lakes.)</edomvd><edomvds>National Atlas of the United States</edomvds></edom></attrdomv><attrdomv><rdom><rdommin>106405</rdommin><rdommax>37253956</rdommax></rdom></attrdomv><attalias Sync="TRUE">POP</attalias><attrtype Sync="TRUE">Integer</attrtype><attwidth Sync="TRUE">10</attwidth><atprecis Sync="TRUE">10</atprecis><attscale Sync="TRUE">0</attscale></attr><attr><attrlabl>Sq_miles</attrlabl><attrdef>The size of the area in square miles.  This is a calculated field.</attrdef><attrdefs>National Atlas of the United States</attrdefs><attrdomv><rdom><rdommin>62.1</rdommin><rdommax>582037.1</rdommax></rdom></attrdomv><attalias Sync="TRUE">SQ_MILES</attalias><attrtype Sync="TRUE">Double</attrtype><attwidth Sync="TRUE">19</attwidth><atprecis Sync="TRUE">0</atprecis><attscale Sync="TRUE">0</attscale></attr><attr><attrlabl Sync="TRUE">Shape_Leng</attrlabl><attalias Sync="TRUE">Shape_Leng</attalias><attrtype Sync="TRUE">Double</attrtype><attwidth Sync="TRUE">19</attwidth><atprecis Sync="TRUE">0</atprecis><attscale Sync="TRUE">0</attscale></attr><attr><attrlabl Sync="TRUE">Shape_Area</attrlabl><attalias Sync="TRUE">Shape_Area</attalias><attrtype Sync="TRUE">Double</attrtype><attwidth Sync="TRUE">19</attwidth><atprecis Sync="TRUE">0</atprecis><attscale Sync="TRUE">0</attscale><attrdef Sync="TRUE">Area of feature in internal units squared.</attrdef><attrdefs Sync="TRUE">Esri</attrdefs><attrdomv><udom Sync="TRUE">Positive real numbers that are automatically generated.</udom></attrdomv></attr></detailed></eainfo><mdHrLvName Sync="TRUE">dataset</mdHrLvName><refSysInfo><RefSystem><refSysID><identCode code="3081" Sync="TRUE"/><idCodeSpace Sync="TRUE">EPSG</idCodeSpace><idVersion Sync="TRUE">6.11.1(9.2.0)</idVersion></refSysID></RefSystem></refSysInfo><spdoinfo><ptvctinf><esriterm Name="TX_Boundary"><efeatyp Sync="TRUE">Simple</efeatyp><efeageom code="4" Sync="TRUE"></efeageom><esritopo Sync="TRUE">FALSE</esritopo><efeacnt Sync="TRUE">0</efeacnt><spindex Sync="TRUE">FALSE</spindex><linrefer Sync="TRUE">FALSE</linrefer></esriterm></ptvctinf></spdoinfo><mdConst><Consts><useLimit>&lt;DIV STYLE="text-align:Left;"&gt;&lt;DIV&gt;&lt;P&gt;&lt;SPAN&gt;Use of this Data is restricted to training, demonstration, and educational purposes only. This Data cannot be sold or used for marketing without the express written consent of Environmental Systems Research Institute Inc.&lt;/SPAN&gt;&lt;/P&gt;&lt;P&gt;&lt;SPAN&gt;THE DATA AND RELATED MATERIALS MAY CONTAIN SOME NONCONFORMITIES, DEFECTS, OR ERRORS. ESRI DOES NOT WARRANT THAT THE DATA WILL MEET USER'S NEEDS OR EXPECTATIONS; THAT THE USE OF THE DATA WILL BE UNINTERRUPTED; OR THAT ALL NONCONFORMITIES, DEFECTS, OR ERRORS CAN OR WILL BE CORRECTED. ESRI IS NOT INVITING RELIANCE ON THIS DATA, AND THE USER SHOULD ALWAYS VERIFY ACTUAL DATA.&lt;/SPAN&gt;&lt;/P&gt;&lt;P&gt;&lt;SPAN&gt;THE DATA AND RELATED MATERIALS ARE PROVIDED "AS-IS," WITHOUT WARRANTY OF ANY KIND, EITHER EXPRESS OR IMPLIED, INCLUDING, BUT NOT LIMITED TO, THE IMPLIED WARRANTIES OF MERCHANTABILITY AND FITNESS FOR A PARTICULAR PURPOSE.&lt;/SPAN&gt;&lt;/P&gt;&lt;P&gt;&lt;SPAN&gt;IN NO EVENT SHALL ESRI AND/OR ITS LICENSOR(S) BE LIABLE FOR COSTS OF PROCUREMENT OF SUBSTITUTE GOODS OR SERVICES; LOST PROFITS, LOST SALES, OR BUSINESS EXPENDITURES, INVESTMENTS, OR COMMITMENTS IN CONNECTION WITH ANY BUSINESS; LOSS OF ANY GOODWILL; OR FOR ANY INDIRECT, SPECIAL, INCIDENTAL, EXEMPLARY, OR CONSEQUENTIAL DAMAGES ARISING OUT OF THIS AGREEMENT OR USE OF THE DATA AND RELATED MATERIALS, HOWEVER CAUSED, ON ANY THEORY OF LIABILITY, AND WHETHER OR NOT ESRI OR ITS LICENSOR(S) HAVE BEEN ADVISED OF THE POSSIBILITY OF SUCH DAMAGE. THESE LIMITATIONS SHALL APPLY NOTWITHSTANDING ANY FAILURE OF ESSENTIAL PURPOSE OF ANY EXCLUSIVE REMEDY.&lt;/SPAN&gt;&lt;/P&gt;&lt;P&gt;&lt;SPAN&gt;In the event that the data vendor(s) has (have) granted the end user permission to redistribute the Geodata, please use proper proprietary or copyright attribution for the various data vendor(s), and provide the associated metadata file(s) with the Geodata.&lt;/SPAN&gt;&lt;/P&gt;&lt;P&gt;&lt;SPAN /&gt;&lt;/P&gt;&lt;/DIV&gt;&lt;/DIV&gt;</useLimit></Consts></mdConst><mdContact><editorSource>external</editorSource><editorDigest>cec84d6d2231fc0070b73ed4adffaa18</editorDigest><rpIndName>Esri</rpIndName><rpOrgName>Environmental Systems Research Institute, Inc. (Esri)</rpOrgName><rpCntInfo><cntAddress addressType="physical"><delPoint>380 New York St</delPoint><city>Redlands</city><adminArea>Ca</adminArea><postCode>92373</postCode><eMailAdd>info@esri.com</eMailAdd><country>US</country></cntAddress><cntPhone><voiceNum tddtty="">909-793-2853</voiceNum><faxNum>909-793-5953</faxNum></cntPhone><cntHours>Hours: 8:00 a.m.-5:30 p.m. Pacific time, Monday-Friday</cntHours><cntInstr>In the United States-
Please direct all inquiries regarding software/data pricing and consulting services to your local Esri Regional Office. For support, you may contact Technical Support by telephone (voice) between 6:00 a.m. and 6:00 p.m. Pacific time, Monday through Friday, by dialing 909-793-3774; facsimile (fax) available at 909-792-0960; electronic mail (e-mail) support@esri.com; or visit http://support.esri.com; Esri holidays excluded.

Outside the United States-
Please direct all inquiries regarding software/data pricing, sales, support, and consulting services to your local Esri International Distributor. This information can be found at http://www.esri.com/about-esri/locations.html.</cntInstr></rpCntInfo><editorSave>True</editorSave><displayName>Esri</displayName></mdContact></metadata>
