<metadata xml:lang="en"><Esri><CreaDate>20180510</CreaDate><CreaTime>10230300</CreaTime><ArcGISFormat>1.0</ArcGISFormat><ArcGISstyle>ISO 19139 Metadata Implementation Specification GML3.2</ArcGISstyle><SyncOnce>FALSE</SyncOnce><DataProperties><itemProps><itemName Sync="TRUE">TX_Tornadoes</itemName><nativeExtBox><westBL Sync="TRUE">377982.490100</westBL><eastBL Sync="TRUE">1613185.325200</eastBL><southBL Sync="TRUE">421784.043200</southBL><northBL Sync="TRUE">1593841.363000</northBL><exTypeCode Sync="TRUE">1</exTypeCode></nativeExtBox><itemSize Sync="TRUE">0.000</itemSize><itemLocation><linkage Sync="FALSE">withheld</linkage><protocol Sync="TRUE">Local Area Network</protocol></itemLocation><imsContentType Sync="TRUE">002</imsContentType></itemProps><coordRef><type Sync="TRUE">Projected</type><geogcsn Sync="TRUE">GCS_North_American_1983</geogcsn><csUnits Sync="TRUE">Linear Unit: Meter (1.000000)</csUnits><peXml Sync="TRUE">&lt;ProjectedCoordinateSystem xsi:type='typens:ProjectedCoordinateSystem' xmlns:xsi='http://www.w3.org/2001/XMLSchema-instance' xmlns:xs='http://www.w3.org/2001/XMLSchema' xmlns:typens='http://www.esri.com/schemas/ArcGIS/2.8.0'&gt;&lt;WKT&gt;PROJCS[&amp;quot;NAD_1983_Texas_Statewide_Mapping_System&amp;quot;,GEOGCS[&amp;quot;GCS_North_American_1983&amp;quot;,DATUM[&amp;quot;D_North_American_1983&amp;quot;,SPHEROID[&amp;quot;GRS_1980&amp;quot;,6378137.0,298.257222101]],PRIMEM[&amp;quot;Greenwich&amp;quot;,0.0],UNIT[&amp;quot;Degree&amp;quot;,0.0174532925199433]],PROJECTION[&amp;quot;Lambert_Conformal_Conic&amp;quot;],PARAMETER[&amp;quot;False_Easting&amp;quot;,1000000.0],PARAMETER[&amp;quot;False_Northing&amp;quot;,1000000.0],PARAMETER[&amp;quot;Central_Meridian&amp;quot;,-100.0],PARAMETER[&amp;quot;Standard_Parallel_1&amp;quot;,27.41666666666667],PARAMETER[&amp;quot;Standard_Parallel_2&amp;quot;,34.91666666666666],PARAMETER[&amp;quot;Latitude_Of_Origin&amp;quot;,31.16666666666667],UNIT[&amp;quot;Meter&amp;quot;,1.0],AUTHORITY[&amp;quot;EPSG&amp;quot;,3081]]&lt;/WKT&gt;&lt;XOrigin&gt;-37624400&lt;/XOrigin&gt;&lt;YOrigin&gt;-27099700&lt;/YOrigin&gt;&lt;XYScale&gt;116599859.86502042&lt;/XYScale&gt;&lt;ZOrigin&gt;-100000&lt;/ZOrigin&gt;&lt;ZScale&gt;10000&lt;/ZScale&gt;&lt;MOrigin&gt;-100000&lt;/MOrigin&gt;&lt;MScale&gt;10000&lt;/MScale&gt;&lt;XYTolerance&gt;0.001&lt;/XYTolerance&gt;&lt;ZTolerance&gt;0.001&lt;/ZTolerance&gt;&lt;MTolerance&gt;0.001&lt;/MTolerance&gt;&lt;HighPrecision&gt;true&lt;/HighPrecision&gt;&lt;WKID&gt;102603&lt;/WKID&gt;&lt;LatestWKID&gt;3081&lt;/LatestWKID&gt;&lt;/ProjectedCoordinateSystem&gt;</peXml><projcsn Sync="TRUE">NAD_1983_Texas_Statewide_Mapping_System</projcsn></coordRef><lineage><Process ToolSource="c:\program files\arcgis\pro\Resources\ArcToolbox\toolboxes\Conversion Tools.tbx\FeatureClassToFeatureClass" Date="20211221" Time="163816">FeatureClassToFeatureClass TX_Tornadoes "C:\Users\sjs96\Desktop\SPatial data analytics course\DEscriptive stats lab\Lab 1 Demo data" TX_Tornadoes.shp # "DAMAGE "DAMAGE" true true false 8 Double 0 0,First,#,TX_Tornadoes,DAMAGE,-1,-1;WIDTH "WIDTH" true true false 8 Double 0 0,First,#,TX_Tornadoes,WIDTH,-1,-1;F_SCALE "F_SCALE" true true false 8 Double 0 0,First,#,TX_Tornadoes,F_SCALE,-1,-1;LGTH "LGTH" true true false 8 Double 0 0,First,#,TX_Tornadoes,LGTH,-1,-1;NO_STS "NO_STS" true true false 8 Double 0 0,First,#,TX_Tornadoes,NO_STS,-1,-1;DATE "DATE" true true false 8 Date 0 0,First,#,TX_Tornadoes,DATE,-1,-1" #</Process></lineage></DataProperties><SyncDate>20211221</SyncDate><SyncTime>16381500</SyncTime><ModDate>20211221</ModDate><ModTime>16381500</ModTime><scaleRange><minScale>20000000</minScale><maxScale>50000</maxScale></scaleRange><ArcGISProfile>FGDC</ArcGISProfile></Esri><dataIdInfo><idCitation><otherCitDet>Comma separated value (.csv) files available at http://www.spc.noaa.gov/wcm/#data
Please note! These files are an attempt to represent the data that is submitted to the Storm Data
publication by National Weather Service field offices. Careful review of the data is conducted at
the National Climate Data Center and the Storm Prediction Center. Nonetheless, some
errors/discrepancies may exist. Please contact Gregory.Carbin@noaa.gov for additional
information/clarification. (This document was last updated on April 29, 2009.)
Field No. (
MySQL torn field id), (hail field id), (wind field id)
Description
1(
om)
Tornado number A
count of tornadoes during the year: Prior to 2007, these numbers were
assigned to the tornado as the information arrived in the NWS database. Since 2007, the
numbers should be assigned in sequential (temporal) order after event date/times are converted
to CST. NOTE: Tornado segments that cross state borders and/or more than 4 counties
will have same OM number. See information about fields 2224,
below.
2(
yr)
Year, 19502009
3(
mo)
Month, 112
4(
dy)
Day, 131
5(
date)
Date in yyyymmdd
format
6(
time)
Time in HH:MM:SS
7(
tz)
Time zone All
times, except for ?=uknown and 9=GMT, were converted to 3=CST. This should
be accounted for when building queries for GMT summaries such as 12z12z.
8(
st)
State Twoletter
postal abbreviation (PR=Puerto Rico, VI=Virgin Islands)
9(
stf)
State FIPS number (Note some Puerto Rico codes are incorrect.)
10(
stn)
State number number
of this tornado, in this state, in this year: May not be sequential in some
years. Not calculated in 2008. This number should be calculable from a spreadsheet after
accounting for border crossing tornadoes and 4+ county segments.
11(
f), or (sz), or (mag)
Fscale
(EFscale
after Jan. 2007): values 9,
0, 1, 2, 3, 4, 5 (9=
unknown). Or, hail size in inches.
Or, wind speed in knots (1 knot=1.15 mph).
12(
inj)
Injuries when
summing for state totals use sn=1, not sg=1 (see below)
13(
fat)
Fatalities when
summing for state total use sn=1, not sg=1 (see below)
14(
loss)
Estimated property loss information Prior
to 1996 this is a categorization of tornado damage by
dollar amount (0 or blankunknown;
1&lt;$50, 2=$50$
500, 3=$500$
5,000, 4=$5,000$
50,000;
5=$50,000$
500,000, 6=$500,000$
5,000,000, 7=$5,000,000$
50,000,000, 8=$50,000,000$
500,000,000, 9=$5000,000,000.) When summing for state total use sn=1, not sg=1 (see below).
From 1996, this is tornado property damage in millions of dollars. Note: this may change
to whole dollar amounts in the future. Entry of 0 does not mean $0.
15(
closs)
Estimated crop loss in millions of dollars (started in 2007). Entry of 0 does not mean $0.
16(
slat)
Starting latitude in decimal degrees
17(
slon)
Staring longitude in decimal degrees
18(
elat)
Ending latitude in decimal degrees
19(
elon)
Ending longitude in decimal degrees
20(
len)
Length in miles
21(
wid)
Width in yards
22(
ns), 23(
sn), 24(
sg)
Understanding these fields is critical to counting state tornadoes, totaling state fatalities/losses.
The tornado segment information can be thought of as follows:
22ns=
Number of States affected by this tornado: 1, 2, or 3.
23sn=
State Number: 1 or 0 (1=entire track info in this state).
24sg=
Tornado SeGment number: 1, 2, or 9
(1=entire track info).
1,1,1 = Entire record for the track of the tornado (unless all 4 fips codes are nonzero).
1,0,9
= Continuing county fips code information only from 1,1,1 record, above (same om).
2,0,1 = A twostate
tornado (st=state of touchdown, other fields summarize entire track).
2,1,2 = First state segment for a twostate
(2,0,1) tornado (state same as above, same om).
2,1,2 = Second state segment for twostate
(2,0,1) tornado (state tracked into, same om).
2,0,9
= Continuing county fips for a 2,1,2 record that exceeds 4 counties (same om).
3,0,1 = A threestate
tornado (st=state of touchdown, other fields summarize entire track).
3,1,2 = First state segment for a threestate
(3,0,1) tornado (state same as 3,0,1, same om).
3,1,2 = Second state segment for threestate
(3,0,1) tornado (2nd state tracked into, same
om as 3,0,1 record).
3,1,2 = Third state segment for a threestate
(3,0,1) tornado (3rd state tracked into, same
om as the initial 3,0,1 record).
25(
f1) 1st County FIPS code
26(
f2) 2nd County FIPS code
27(
f3) 3rd County FIPS code
28(
f4) 4th County FIPS code Additional
counties will be included in sg=9
records with same
om number (see description above).
29(
mt) WIND ONLY
Magnitudetype
is only used for wind data. EG=estimated gust, MG=measured gust,
MS=measured sustained, ES=estimated sustained (started in 2006).</otherCitDet><resTitle Sync="TRUE">TX_Tornadoes</resTitle><presForm><PresFormCd value="005" Sync="TRUE"/></presForm></idCitation><idPurp>This data represents historical tornado activity in Texas. This data was derived from data provided by the National Weather Service, NOAA.</idPurp><idAbs>&lt;DIV STYLE="text-align:Left;"&gt;&lt;DIV&gt;&lt;DIV&gt;&lt;P&gt;&lt;SPAN&gt;This data represents historical tornado activity. It can be used to show the past Texas tornado activity and catalog the damage per occurance.&lt;/SPAN&gt;&lt;/P&gt;&lt;/DIV&gt;&lt;/DIV&gt;&lt;/DIV&gt;</idAbs><idCredit>National Weather Service, NOAA</idCredit><searchKeys><keyword>tornado</keyword><keyword>cyclone</keyword><keyword>storm</keyword><keyword>twister</keyword><keyword>whirlwind</keyword><keyword>wind</keyword><keyword>funnel. typhoon</keyword><keyword>tempest</keyword><keyword>gale</keyword><keyword>USA</keyword><keyword>National</keyword><keyword>America</keyword><keyword>US</keyword><keyword>NOAA</keyword><keyword>NWS</keyword><keyword>Texas</keyword><keyword>Esri Training Services</keyword><keyword>ClusterOptimize</keyword></searchKeys><resConst><Consts><useLimit>&lt;DIV STYLE="text-align:Left;"&gt;&lt;DIV&gt;&lt;DIV&gt;&lt;P&gt;&lt;SPAN&gt;None, NOAA data is licensed as public domain.&lt;/SPAN&gt;&lt;/P&gt;&lt;P&gt;&lt;SPAN&gt;Use of this Data is restricted to training, demonstration, and educational purposes only. This Data cannot be sold or used for marketing without the express written consent of Environmental Systems Research Institute Inc.THE DATA AND RELATED MATERIALS MAY CONTAIN SOME NONCONFORMITIES, DEFECTS, OR ERRORS. ESRI DOES NOT WARRANT THAT THE DATA WILL MEET USER'S NEEDS OR EXPECTATIONS; THAT THE USE OF THE DATA WILL BE UNINTERRUPTED; OR THAT ALL NONCONFORMITIES, DEFECTS, OR ERRORS CAN OR WILL BE CORRECTED. ESRI IS NOT INVITING RELIANCE ON THIS DATA, AND THE USER SHOULD ALWAYS VERIFY ACTUAL DATA.THE DATA AND RELATED MATERIALS ARE PROVIDED "AS-IS" WITHOUT WARRANTY OF ANY KIND, EITHER EXPRESS OR IMPLIED, INCLUDING, BUT NOT LIMITED TO, THE IMPLIED WARRANTIES OF MERCHANTABILITY AND FITNESS FOR A PARTICULAR PURPOSE.IN NO EVENT SHALL ESRI AND/OR ITS LICENSOR(S) BE LIABLE FOR COSTS OF PROCUREMENT OF SUBSTITUTE GOODS OR SERVICES; LOST PROFITS, LOST SALES, OR BUSINESS EXPENDITURES, INVESTMENTS, OR COMMITMENTS IN CONNECTION WITH ANY BUSINESS; LOSS OF ANY GOODWILL; OR FOR ANY INDIRECT, SPECIAL, INCIDENTAL, EXEMPLARY, OR CONSEQUENTIAL DAMAGES ARISING OUT OF THIS AGREEMENT OR USE OF THE DATA AND RELATED MATERIALS, HOWEVER CAUSED, ON ANY THEORY OF LIABILITY, AND WHETHER OR NOT ESRI OR ITS LICENSOR(S) HAVE BEEN ADVISED OF THE POSSIBILITY OF SUCH DAMAGE. THESE LIMITATIONS SHALL APPLY NOTWITHSTANDING ANY FAILURE OF ESSENTIAL PURPOSE OF ANY EXCLUSIVE REMEDY.In the event that the data vendor(s) has (have) granted the end user permission to redistribute the Geodata, please use proper proprietary or copyright attribution for the various data vendor(s), and provide the associated metadata file(s) with the Geodata.&lt;/SPAN&gt;&lt;/P&gt;&lt;/DIV&gt;&lt;/DIV&gt;&lt;/DIV&gt;</useLimit></Consts></resConst><envirDesc Sync="TRUE">Microsoft Windows 10 Version 10.0 (Build 18362) ; Esri ArcGIS 12.8.0.29751</envirDesc><dataLang><languageCode value="eng" Sync="TRUE"/><countryCode value="USA" Sync="TRUE"/></dataLang><spatRpType><SpatRepTypCd value="001" Sync="TRUE"/></spatRpType><dataExt><geoEle><GeoBndBox esriExtentType="search"><exTypeCode Sync="TRUE">1</exTypeCode><westBL Sync="TRUE">-106.920223</westBL><eastBL Sync="TRUE">-93.177789</eastBL><northBL Sync="TRUE">36.524093</northBL><southBL Sync="TRUE">25.788718</southBL></GeoBndBox></geoEle></dataExt></dataIdInfo><mdConst><Consts><useLimit>&lt;DIV STYLE="text-align:Left;"&gt;&lt;DIV&gt;&lt;P&gt;&lt;SPAN&gt;Use of this Data is restricted to training, demonstration, and educational purposes only. This Data cannot be sold or used for marketing without the express written consent of Environmental Systems Research Institute Inc.&lt;/SPAN&gt;&lt;/P&gt;&lt;P&gt;&lt;SPAN&gt;THE DATA AND RELATED MATERIALS MAY CONTAIN SOME NONCONFORMITIES, DEFECTS, OR ERRORS. ESRI DOES NOT WARRANT THAT THE DATA WILL MEET USER'S NEEDS OR EXPECTATIONS; THAT THE USE OF THE DATA WILL BE UNINTERRUPTED; OR THAT ALL NONCONFORMITIES, DEFECTS, OR ERRORS CAN OR WILL BE CORRECTED. ESRI IS NOT INVITING RELIANCE ON THIS DATA, AND THE USER SHOULD ALWAYS VERIFY ACTUAL DATA.&lt;/SPAN&gt;&lt;/P&gt;&lt;P&gt;&lt;SPAN&gt;THE DATA AND RELATED MATERIALS ARE PROVIDED "AS-IS," WITHOUT WARRANTY OF ANY KIND, EITHER EXPRESS OR IMPLIED, INCLUDING, BUT NOT LIMITED TO, THE IMPLIED WARRANTIES OF MERCHANTABILITY AND FITNESS FOR A PARTICULAR PURPOSE.&lt;/SPAN&gt;&lt;/P&gt;&lt;P&gt;&lt;SPAN&gt;IN NO EVENT SHALL ESRI AND/OR ITS LICENSOR(S) BE LIABLE FOR COSTS OF PROCUREMENT OF SUBSTITUTE GOODS OR SERVICES; LOST PROFITS, LOST SALES, OR BUSINESS EXPENDITURES, INVESTMENTS, OR COMMITMENTS IN CONNECTION WITH ANY BUSINESS; LOSS OF ANY GOODWILL; OR FOR ANY INDIRECT, SPECIAL, INCIDENTAL, EXEMPLARY, OR CONSEQUENTIAL DAMAGES ARISING OUT OF THIS AGREEMENT OR USE OF THE DATA AND RELATED MATERIALS, HOWEVER CAUSED, ON ANY THEORY OF LIABILITY, AND WHETHER OR NOT ESRI OR ITS LICENSOR(S) HAVE BEEN ADVISED OF THE POSSIBILITY OF SUCH DAMAGE. THESE LIMITATIONS SHALL APPLY NOTWITHSTANDING ANY FAILURE OF ESSENTIAL PURPOSE OF ANY EXCLUSIVE REMEDY.&lt;/SPAN&gt;&lt;/P&gt;&lt;P&gt;&lt;SPAN&gt;In the event that the data vendor(s) has (have) granted the end user permission to redistribute the Geodata, please use proper proprietary or copyright attribution for the various data vendor(s), and provide the associated metadata file(s) with the Geodata.&lt;/SPAN&gt;&lt;/P&gt;&lt;/DIV&gt;&lt;/DIV&gt;</useLimit></Consts></mdConst><eainfo><detailed Name="TX_Tornadoes"><enttyp><enttypl Sync="TRUE">TX_Tornadoes</enttypl><enttypt Sync="TRUE">Feature Class</enttypt><enttypc Sync="TRUE">0</enttypc></enttyp><attr><attrlabl Sync="TRUE">FID</attrlabl><attalias Sync="TRUE">FID</attalias><attrtype Sync="TRUE">OID</attrtype><attwidth Sync="TRUE">4</attwidth><atprecis Sync="TRUE">0</atprecis><attscale Sync="TRUE">0</attscale><attrdef Sync="TRUE">Internal feature number.</attrdef><attrdefs Sync="TRUE">Esri</attrdefs><attrdomv><udom Sync="TRUE">Sequential unique whole numbers that are automatically generated.</udom></attrdomv></attr><attr><attrlabl Sync="TRUE">Shape</attrlabl><attalias Sync="TRUE">Shape</attalias><attrtype Sync="TRUE">Geometry</attrtype><attwidth Sync="TRUE">0</attwidth><atprecis Sync="TRUE">0</atprecis><attscale Sync="TRUE">0</attscale><attrdef Sync="TRUE">Feature geometry.</attrdef><attrdefs Sync="TRUE">Esri</attrdefs><attrdomv><udom Sync="TRUE">Coordinates defining the features.</udom></attrdomv></attr><attr><attrlabl Sync="TRUE">DAMAGE</attrlabl><attalias Sync="TRUE">DAMAGE</attalias><attrtype Sync="TRUE">Double</attrtype><attwidth Sync="TRUE">19</attwidth><atprecis Sync="TRUE">0</atprecis><attscale Sync="TRUE">0</attscale></attr><attr><attrlabl Sync="TRUE">WIDTH</attrlabl><attalias Sync="TRUE">WIDTH</attalias><attrtype Sync="TRUE">Double</attrtype><attwidth Sync="TRUE">19</attwidth><atprecis Sync="TRUE">0</atprecis><attscale Sync="TRUE">0</attscale></attr><attr><attrlabl Sync="TRUE">F_SCALE</attrlabl><attalias Sync="TRUE">F_SCALE</attalias><attrtype Sync="TRUE">Double</attrtype><attwidth Sync="TRUE">19</attwidth><atprecis Sync="TRUE">0</atprecis><attscale Sync="TRUE">0</attscale></attr><attr><attrlabl Sync="TRUE">LGTH</attrlabl><attalias Sync="TRUE">LGTH</attalias><attrtype Sync="TRUE">Double</attrtype><attwidth Sync="TRUE">19</attwidth><atprecis Sync="TRUE">0</atprecis><attscale Sync="TRUE">0</attscale></attr><attr><attrlabl Sync="TRUE">NO_STS</attrlabl><attalias Sync="TRUE">NO_STS</attalias><attrtype Sync="TRUE">Double</attrtype><attwidth Sync="TRUE">19</attwidth><atprecis Sync="TRUE">0</atprecis><attscale Sync="TRUE">0</attscale></attr><attr><attrlabl Sync="TRUE">DATE</attrlabl><attalias Sync="TRUE">DATE</attalias><attrtype Sync="TRUE">Date</attrtype><attwidth Sync="TRUE">8</attwidth><atprecis Sync="TRUE">0</atprecis><attscale Sync="TRUE">0</attscale></attr></detailed></eainfo><mdLang><languageCode value="eng" Sync="TRUE"/><countryCode value="USA" Sync="TRUE"/></mdLang><distInfo><distFormat><formatName Sync="TRUE">Shapefile</formatName></distFormat><distTranOps><transSize Sync="TRUE">0.000</transSize></distTranOps></distInfo><mdHrLv><ScopeCd value="005" Sync="TRUE"/></mdHrLv><mdHrLvName Sync="TRUE">dataset</mdHrLvName><refSysInfo><RefSystem><refSysID><identCode code="3081" Sync="TRUE"/><idCodeSpace Sync="TRUE">EPSG</idCodeSpace><idVersion Sync="TRUE">6.11.1(9.2.0)</idVersion></refSysID></RefSystem></refSysInfo><spatRepInfo><VectSpatRep><geometObjs Name="TX_Tornadoes"><geoObjTyp><GeoObjTypCd value="004" Sync="TRUE"></GeoObjTypCd></geoObjTyp><geoObjCnt Sync="TRUE">0</geoObjCnt></geometObjs><topLvl><TopoLevCd value="001" Sync="TRUE"></TopoLevCd></topLvl></VectSpatRep></spatRepInfo><spdoinfo><ptvctinf><esriterm Name="TX_Tornadoes"><efeatyp Sync="TRUE">Simple</efeatyp><efeageom code="1" Sync="TRUE"></efeageom><esritopo Sync="TRUE">FALSE</esritopo><efeacnt Sync="TRUE">0</efeacnt><spindex Sync="TRUE">FALSE</spindex><linrefer Sync="TRUE">FALSE</linrefer></esriterm></ptvctinf></spdoinfo><mdDateSt Sync="TRUE">20211221</mdDateSt><mdContact><editorSource>external</editorSource><editorDigest>a185db832e8a054cee802512a7b6e3e9</editorDigest><rpIndName>Esri Data Librarian</rpIndName><rpOrgName>Esri, Educational Services</rpOrgName><rpCntInfo><cntAddress addressType="physical"><delPoint>380 New York St</delPoint><city>Redlands</city><adminArea>Ca</adminArea><postCode>92373</postCode><eMailAdd>datalibrary@esri.com</eMailAdd><country>US</country></cntAddress><cntPhone><voiceNum tddtty="">909-793-2853 X 1793</voiceNum><faxNum>909-793-5953</faxNum></cntPhone><cntHours>Hours: 8:00 a.m.-5:30 p.m. Pacific time, Monday-Friday</cntHours><cntInstr>In the United States-
Please direct all inquiries regarding software/data pricing and consulting services to your local Esri Regional Office. For support, you may contact Technical Support by telephone (voice) between 6:00 a.m. and 6:00 p.m. Pacific time, Monday through Friday, by dialing 909-793-3774; facsimile (fax) available at 909-792-0960; electronic mail (e-mail) support@esri.com; or visit http://support.esri.com; Esri holidays excluded.

Outside the United States-
Please direct all inquiries regarding software/data pricing, sales, support, and consulting services to your local Esri International Distributor. This information can be found at http://www.esri.com/about-esri/locations.html.</cntInstr></rpCntInfo><displayName>Esri</displayName><displayName>Esri</displayName><displayName>Esri Data Librarian</displayName><editorSave>True</editorSave><displayName>Esri Data Librarian</displayName></mdContact></metadata>
