<?xml version="1.0" encoding="ISO-8859-1"?>
<metadata>
	<idinfo>
		<citation>
			<citeinfo>
				<origin>Tompkins County ITS GIS Division, Tompkins County Assessment Department</origin>
				<pubdate>July 1st of each year</pubdate>
				<title Sync="TRUE">taxparcelsrps</title>
				<pubinfo>
					<pubplace>Tompkins County</pubplace>
					<publish>Tompkins County GIS Program</publish>
				</pubinfo>
				<onlink>http://www.tompkins-co.org/gis/maps/tax.html</onlink>
				<ftname Sync="TRUE">taxparcelsrps</ftname><geoform>map</geoform><onlink>http://www.nysgis.state.ny.us/</onlink><onlink>http://cugir.mannlib.cornell.edu/</onlink><edition>2004</edition></citeinfo>
		</citation>
		<descript>
			<abstract>The active tax parcel boundaries for all of Tompkins County for a given year.  The boundaries represent the one-to-one match with the parcel boundaries shown on the final paper maps for a given year.</abstract>
			<purpose>The parcel boundaries represent legal descriptions of property ownership, as recorded in various public documents in the Tompkins County Clerk's Office.</purpose>
			<supplinf>Properties that are tracked by an account number (utilities, railroads, etc.) may be shown as several separate tax parcel boundaries, with different tax map print keys, even though they are tracked in the Real Property Services (RPS) database under the same account number and treated as one single parcel.  The parcel region will show these account-number properties as one tax parcel boundary, while the printkey region will show each separate tax parcel boundary that is a part of the account number.  As of 2000, the tax parcel boundaries have not been edge-matched by municipality, except for Villages within their respective Town.  This shapefile data set is derived from the printkey region of all tax parcel data sets in Tompkins County and is maintained as a shapefile because it can be manipulated much faster in ArcView than an Arc/Info data set.</supplinf>
			<langdata Sync="TRUE">en</langdata></descript>
		<timeperd>
			<timeinfo>
				<rngdates>
					<begdate>20030701</begdate>
					<enddate>20040630</enddate>
				</rngdates>
			</timeinfo>
			<current>The data represents an entire tax year, which begins July 1st of the previous tax year and ends June 30th of the current tax year.  (For example, taxparcels2000 would represent the 2000 tax year roll, from July 1, 1999 to June 30, 2000).  The data is "published" each July 1st as a "frozen file" in conjunction with a "frozen file" for the Real Property Services (RPS) database.</current>
		</timeperd>
		<status>
			<progress>Complete</progress>
			<update>Continually</update>
		</status>
		<spdom>
			<bounding>
				<westbc>-76.7</westbc>
				<eastbc>-76.2375</eastbc>
				<northbc>42.6375</northbc>
				<southbc>42.25</southbc>
			</bounding>
			<lboundng><leftbc Sync="TRUE">789792.000000</leftbc><rightbc Sync="TRUE">913729.562499</rightbc><bottombc Sync="TRUE">824430.625000</bottombc><topbc Sync="TRUE">957289.812500</topbc></lboundng></spdom>
		<keywords>
			<theme>
				<themekt>None</themekt>
				<themekey>property</themekey>
				<themekey>ownership</themekey>
				<themekey>land record</themekey>
				<themekey>parcel</themekey>
				<themekey>tax</themekey>
				<themekey>survey</themekey>
				<themekey>Tompkins County Assessment Department</themekey>
				<themekey>New York State Office of Real Property Services</themekey>
				<themekey>RPS</themekey>
				<themekey>Tompkins County GIS Program</themekey>
				<themekey>Tompkins County ITS GIS Division</themekey>
			</theme>
			<place>
				<placekt>None</placekt>
				<placekey>Tompkins County</placekey>
				<placekey>New York State</placekey>
				<placekey>Town of Caroline</placekey>
				<placekey>Town of Enfield</placekey>
				<placekey>Town of Ulysses</placekey>
				<placekey>Town of Ithaca</placekey>
				<placekey>Village of Groton</placekey>
				<placekey>City of Ithaca</placekey>
				<placekey>Town of Lansing</placekey>
				<placekey>Village of Lansing</placekey>
				<placekey>Town of Groton</placekey>
				<placekey>Finger Lakes</placekey>
				<placekey>Village of Trumansburg</placekey>
				<placekey>Town of Newfield</placekey>
				<placekey>Town of Dryden</placekey>
				<placekey>Town of Danby</placekey>
				<placekey>Village of Dryden</placekey>
				<placekey>Village of Freeville</placekey>
				<placekey>Village of Cayuga Heights</placekey>
				<placekey>Ithaca</placekey>
				<placekey>Trumansburg</placekey>
				<placekey>Newfield</placekey>
				<placekey>Enfield</placekey>
				<placekey>Lansing</placekey>
				<placekey>Dryden</placekey>
				<placekey>Freeville</placekey>
				<placekey>Danby</placekey>
				<placekey>Caroline</placekey>
				<placekey>Groton</placekey>
				<placekey>Caroline</placekey>
				<placekey>Danby</placekey>
				<placekey>Dryden</placekey>
				<placekey>Enfield</placekey>
				<placekey>Cayuga Heights</placekey>
				<placekey>Freeville</placekey>
				<placekey>Groton</placekey>
				<placekey>Lansing</placekey>
				<placekey>Ithaca</placekey>
				<placekey>Newfield</placekey>
				<placekey>Trumansburg</placekey>
				<placekey>Ulysses</placekey>
			</place>
		</keywords>
		<accconst>None</accconst>
		<useconst>The following statement must be included with any products that use or are derived from this data set: Data contained in this product was originally produced by the Tompkins County ITS GIS Division and the Tompkins County Assessment Department and may not be reproduced or redistributed without the express written consent of the originators.  The originators do not warrant the accuracy or completeness of the information portrayed by the data.  The data contained herein is for visualization purposes only and cannot be used for conveyance. Property boundaries are based on legal documents, aerial photos, software interpolation, and registration to the 1991 Tompkins County Digital Planimetric Files and, therefore, may differ from legal property descriptions.  For complete legal descriptions and conveyance, please refer to the appropriate deeds, surveys, and other legal documents.</useconst>
		<ptcontac>
			<cntinfo>
				<cntorgp>
					<cntorg>Tompkins County ITS GIS Division</cntorg>
					<cntper>Greg Potter, Svetla Borovska, Steve Horn</cntper>
				</cntorgp>
				<cntpos>GIS</cntpos>
				<cntaddr>
					<addrtype>mailing and physical address</addrtype>
					<address>128 East Buffalo Street</address>
					<city>Ithaca</city>
					<state>New York</state>
					<postal>14850</postal>
					<country>USA</country>
				</cntaddr>
				<cntvoice>(607) 274-5418</cntvoice>
				<cntfax>(607) 274-5420</cntfax>
				<cntemail>gis@tompkins-co.org</cntemail>
				<hours>M-F 8:30 a.m. to 4:30 p.m.</hours>
			</cntinfo>
		</ptcontac>
		<datacred>Tompkins County ITS GIS Division and Tompkins County Assessment Department</datacred>
		<native Sync="TRUE">Microsoft Windows XP Version 5.1 (Build 2600) Service Pack 1; ESRI ArcCatalog 9.0.0.535</native>
		<crossref>
			<citeinfo>
				<origin>Tompkins County Assessment Department</origin>
				<pubdate>July 1 each year</pubdate>
				<title>Tompkins County Real Property Services (RPS) Database</title>
				<othercit>The New York State mandated database of property ownership and information in Tompkins County.  This database can be related to the digital tax parcels data sets using either the SWISPRINTK field or the PARCELKEY field.</othercit>
			</citeinfo>
		</crossref>
		<crossref>
			<citeinfo>
				<origin>Tompkins County Assessment Department</origin>
				<pubdate>7/1/2004</pubdate>
				<title>Standard GIS Extract of Real Property Services Data - 2004</title>
				<othercit>Tompkins County ITS GIS Division is responsible for creating the extract and converting it to a format that is compatible with the County's GIS.</othercit>
			</citeinfo>
		</crossref>
		<natvform Sync="TRUE">Shapefile</natvform></idinfo>
	<dataqual>
		<attracc>
			<attraccr>See Entity and Attribute Information</attraccr>
		</attracc>
		<logic>The Printkey region from each municipality's tax map data set is appended into one County-wide data set.  This data set's topology is then created using the CLEAN command, then converted to an ArcView shapefile.  All error checking is done in the source data sets.</logic>
		<complete>Complete coverage for entire County.</complete>
		<posacc>
			<horizpa>
				<horizpar>Varies, depending on source of parcel boundary (survey, deed, aerial photo, raw conversion from paper maps).  The accuracy of the data set is limited to the accuracy of the 1991 Tompkins County Planimetric Base Map series.</horizpar>
			</horizpa>
			<vertacc>
				<vertaccr>The accuracy of the data set is limited to the accuracy of the 1991 Tompkins County Planimetric Base Map series.</vertaccr>
			</vertacc>
		</posacc>
		<lineage>
			<procstep>
				<procdesc>Tax parcel boundaries were initially maintained manually on mylar originals, using erasable ink.  In 1991, a series of planimetric base data sets were produced from aerial photography, and are now referred to as the 1991 Tompkins County Digital Planimetric Base Map.  The tax parcel mylar maps were digitized using MapGrafix and referenced to the 1991 Tompkins County Digital Planimetric Base Map.  In 1997, the MapGrafix data sets for the City of Ithaca and the Towns of Caroline and Danby were approved by the New York State Office of Real Property Services (NYS ORPS).  In 1998, the Map Grafix data sets were converted to Arc/Info  for the City of Ithaca, Towns of Caroline, Danby, Dryden, and Ithaca, and the Villages of Cayuga Heights, Dryden, and Freeville.  In 1999, the Towns of Enfield, Groton, Lansing, Newfield, and Ulysses, and the Villages of Groton, Lansing, and Trumansburg were converted to Arc/Info.  Beginning with the 1999 tax year, all tax parcel boundaries are maintained in Arc/Info, all tax maps are printed using ArcView, and all tax maps are archived digitally using Adobe Acrobat, as well as the traditional paper archival.  During the transition period from paper to digital maps, parcel boundaries are approximate, except for those boundaries that have been input using paper surveys and legal descriptions.  The tax parcel data sets consist of three groups of layers: boundary layers, text layers, and region layers.  The boundary layers consist of those Arc/Info feature classes upon which the region layers are created.  Boundary layers include the nodes, arcs, and polygons.  Parcel boundaries are changed by first modifying the arc and node layers, and updating the arc attributes. Next, the polygons are re-created and their attributes are updated. The text layers are then updated to reflect the boundary changes.  Finally, the regions are created from the polygons using polygon attributes and the Arc/Info REGIONDISSOLVE command. The text layers are Arc/Info annotation layers and include acreage, block, dimension, non-roll section 1 (exempt/utility/state lands), lot, Military Tract/Watkins and Flint Purchase, municipality, place, road name, special district, tax map, tic mark, and water text, as it appears on the printed tax parcel maps. The region layers include deed book/page, municipal, parcel, printkey, and tax map regions. The printkey regions from each of the municipal data sets for the current tax year are then combined into a county-wide data set, which is then converted to an ArcView shapefile.  Regions for special districts are derived from polygon attributes in the same manner as the other regions, for each municipality, then combined into a County-wide special districts data set.  Regions for public lands are similiarly combined and converted into a County-wide public lands data set.</procdesc>
				<procdate>1998 (partial coverage), 1999 and newer</procdate>
				<proccont>
					<cntinfo>
						<cntorgp>
							<cntorg>Tompkins County ITS GIS Division</cntorg>
							<cntper>Greg Potter, Svetla Borovska, Steve Horn</cntper>
						</cntorgp>
						<cntpos>GIS</cntpos>
						<cntaddr>
							<addrtype>mailing and physical address</addrtype>
							<address>128 East Buffalo Street</address>
							<city>Ithaca</city>
							<state>New York</state>
							<postal>14850</postal>
							<country>USA</country>
						</cntaddr>
						<cntvoice>(607) 274-5418</cntvoice>
						<cntfax>(607) 274-5420</cntfax>
						<cntemail>gis@tompkins-co.org</cntemail>
						<hours>M-F 8:30 a.m. to 4:30 p.m.</hours>
					</cntinfo>
				</proccont>
			</procstep>
			<procstep><procdesc Sync="TRUE">Metadata imported.</procdesc><srcused Sync="TRUE">C:\TEMP\xml80.tmp</srcused><date Sync="TRUE">20040730</date><time Sync="TRUE">13035100</time></procstep></lineage>
		<cloud>0</cloud>
	</dataqual>
	<spdoinfo>
		<direct Sync="TRUE">Vector</direct>
		<ptvctinf>
			<sdtsterm Name="taxparcelsrps">
				<sdtstype Sync="TRUE">G-polygon</sdtstype>
				<ptvctcnt Sync="TRUE">32768</ptvctcnt></sdtsterm>
			<sdtsterm>
				<sdtstype>G-polygon</sdtstype>
			</sdtsterm>
			<sdtsterm>
				<sdtstype>String</sdtstype>
			</sdtsterm>
			<esriterm Name="taxparcelsrps"><efeatyp Sync="TRUE">Simple</efeatyp><efeageom Sync="TRUE">Polygon</efeageom><esritopo Sync="TRUE">FALSE</esritopo><efeacnt Sync="TRUE">32768</efeacnt><spindex Sync="TRUE">TRUE</spindex><linrefer Sync="TRUE">FALSE</linrefer></esriterm></ptvctinf>
	</spdoinfo>
	<spref>
		<horizsys>
			<planar>
				<planci>
					<plance>Coordinate Pair</plance>
					<coordrep>
						<absres>1</absres>
						<ordres>1</ordres>
					</coordrep>
					<plandu>US survey feet</plandu>
				</planci>
				<mapproj><mapprojn Sync="TRUE">Transverse Mercator</mapprojn><transmer><sfctrmer Sync="TRUE">0.999938</sfctrmer><longcm Sync="TRUE">-76.583333</longcm><latprjo Sync="TRUE">40.000000</latprjo><feast Sync="TRUE">820208.333333</feast><fnorth Sync="TRUE">0.000000</fnorth></transmer></mapproj></planar>
			<geodetic>
				<horizdn>North American Datum of 1983</horizdn>
				<ellips>Geodetic Reference System 80</ellips>
				<semiaxis>6378206</semiaxis>
				<denflat>294.9786982</denflat>
			</geodetic>
			<cordsysn><geogcsn Sync="TRUE">GCS_North_American_1983</geogcsn><projcsn Sync="TRUE">NAD_1983_StatePlane_New_York_Central_FIPS_3102_Feet</projcsn></cordsysn></horizsys>
	</spref>
	<eainfo>
		<overview>
			<eaover>For a detailed description of entities and attributes, refer to thePrintkey Boundaries entity of any of the individual municipal tax parcel data sets.</eaover>
		</overview>
		<detailed Name="taxparcelsrps"><enttyp><enttypl Sync="TRUE">taxparcelsrps</enttypl><enttypt Sync="TRUE">Feature Class</enttypt><enttypc Sync="TRUE">32768</enttypc></enttyp><attr><attrlabl Sync="TRUE">FID</attrlabl><attalias Sync="TRUE">FID</attalias><attrtype Sync="TRUE">OID</attrtype><attwidth Sync="TRUE">4</attwidth><atprecis Sync="TRUE">0</atprecis><attscale Sync="TRUE">0</attscale><attrdef Sync="TRUE">Internal feature number.</attrdef><attrdefs Sync="TRUE">ESRI</attrdefs><attrdomv><udom Sync="TRUE">Sequential unique whole numbers that are automatically generated.</udom></attrdomv></attr><attr><attrlabl Sync="TRUE">Shape</attrlabl><attalias Sync="TRUE">Shape</attalias><attrtype Sync="TRUE">Geometry</attrtype><attwidth Sync="TRUE">0</attwidth><atprecis Sync="TRUE">0</atprecis><attscale Sync="TRUE">0</attscale><attrdef Sync="TRUE">Feature geometry.</attrdef><attrdefs Sync="TRUE">ESRI</attrdefs><attrdomv><udom Sync="TRUE">Coordinates defining the features.</udom></attrdomv></attr><attr><attrlabl Sync="TRUE">AREA</attrlabl><attalias Sync="TRUE">AREA</attalias><attrtype Sync="TRUE">Number</attrtype><attwidth Sync="TRUE">19</attwidth><atnumdec Sync="TRUE">3</atnumdec></attr><attr><attrlabl Sync="TRUE">PERIMETER</attrlabl><attalias Sync="TRUE">PERIMETER</attalias><attrtype Sync="TRUE">Number</attrtype><attwidth Sync="TRUE">19</attwidth><atnumdec Sync="TRUE">3</atnumdec></attr><attr><attrlabl Sync="TRUE">PARCEL_</attrlabl><attalias Sync="TRUE">PARCEL_</attalias><attrtype Sync="TRUE">Number</attrtype><attwidth Sync="TRUE">9</attwidth></attr><attr><attrlabl Sync="TRUE">PARCEL_ID</attrlabl><attalias Sync="TRUE">PARCEL_ID</attalias><attrtype Sync="TRUE">Number</attrtype><attwidth Sync="TRUE">9</attwidth></attr><attr><attrlabl Sync="TRUE">PARCELKEY</attrlabl><attalias Sync="TRUE">PARCELKEY</attalias><attrtype Sync="TRUE">String</attrtype><attwidth Sync="TRUE">26</attwidth></attr><attr><attrlabl Sync="TRUE">SWISPRINTK</attrlabl><attalias Sync="TRUE">SWISPRINTK</attalias><attrtype Sync="TRUE">String</attrtype><attwidth Sync="TRUE">25</attwidth></attr><attr><attrlabl Sync="TRUE">SWIS</attrlabl><attalias Sync="TRUE">SWIS</attalias><attrtype Sync="TRUE">Number</attrtype><attwidth Sync="TRUE">9</attwidth></attr><attr><attrlabl Sync="TRUE">PRINTKEY</attrlabl><attalias Sync="TRUE">PRINTKEY</attalias><attrtype Sync="TRUE">String</attrtype><attwidth Sync="TRUE">15</attwidth></attr><attr><attrlabl Sync="TRUE">ACCOUNTNUM</attrlabl><attalias Sync="TRUE">ACCOUNTNUM</attalias><attrtype Sync="TRUE">String</attrtype><attwidth Sync="TRUE">15</attwidth></attr><attr><attrlabl Sync="TRUE">CALCACRES</attrlabl><attalias Sync="TRUE">CALCACRES</attalias><attrtype Sync="TRUE">Number</attrtype><attwidth Sync="TRUE">19</attwidth><atnumdec Sync="TRUE">3</atnumdec></attr><attr><attrlabl Sync="TRUE">RPSACRES</attrlabl><attalias Sync="TRUE">RPSACRES</attalias><attrtype Sync="TRUE">Number</attrtype><attwidth Sync="TRUE">19</attwidth><atnumdec Sync="TRUE">3</atnumdec></attr><attr><attrlabl Sync="TRUE">SWIS_1</attrlabl><attalias Sync="TRUE">SWIS_1</attalias><attrtype Sync="TRUE">Number</attrtype><attwidth Sync="TRUE">7</attwidth></attr><attr><attrlabl Sync="TRUE">PARCEL</attrlabl><attalias Sync="TRUE">PARCEL</attalias><attrtype Sync="TRUE">String</attrtype><attwidth Sync="TRUE">23</attwidth></attr><attr><attrlabl Sync="TRUE">PC</attrlabl><attalias Sync="TRUE">PC</attalias><attrtype Sync="TRUE">Number</attrtype><attwidth Sync="TRUE">4</attwidth></attr><attr><attrlabl Sync="TRUE">BK</attrlabl><attalias Sync="TRUE">BK</attalias><attrtype Sync="TRUE">Number</attrtype><attwidth Sync="TRUE">6</attwidth></attr><attr><attrlabl Sync="TRUE">PG</attrlabl><attalias Sync="TRUE">PG</attalias><attrtype Sync="TRUE">Number</attrtype><attwidth Sync="TRUE">6</attwidth></attr><attr><attrlabl Sync="TRUE">RS</attrlabl><attalias Sync="TRUE">RS</attalias><attrtype Sync="TRUE">Number</attrtype><attwidth Sync="TRUE">3</attwidth></attr><attr><attrlabl Sync="TRUE">LOC</attrlabl><attalias Sync="TRUE">LOC</attalias><attrtype Sync="TRUE">String</attrtype><attwidth Sync="TRUE">12</attwidth></attr><attr><attrlabl Sync="TRUE">LOCATION</attrlabl><attalias Sync="TRUE">LOCATION</attalias><attrtype Sync="TRUE">String</attrtype><attwidth Sync="TRUE">31</attwidth><attrdef>STREET NAME</attrdef><attrdefs>TOMPKINS COUNTY GIS</attrdefs></attr><attr><attrlabl Sync="TRUE">FRT</attrlabl><attalias Sync="TRUE">FRT</attalias><attrtype Sync="TRUE">Number</attrtype><attwidth Sync="TRUE">7</attwidth><atnumdec Sync="TRUE">2</atnumdec><attrdef>LOT FRONTAGE</attrdef><attrdefs>TOMPKINS COUNTY GIS</attrdefs></attr><attr><attrlabl Sync="TRUE">DPTH</attrlabl><attalias Sync="TRUE">DPTH</attalias><attrtype Sync="TRUE">Number</attrtype><attwidth Sync="TRUE">7</attwidth><atnumdec Sync="TRUE">2</atnumdec><attrdef>LOT DEPTH</attrdef></attr><attr><attrlabl Sync="TRUE">OWNER1</attrlabl><attalias Sync="TRUE">OWNER1</attalias><attrtype Sync="TRUE">String</attrtype><attwidth Sync="TRUE">33</attwidth><attrdef>PROPERTY OWNER 1</attrdef><attrdefs>TOMPKINS COUNTY ASSESSMENT</attrdefs></attr><attr><attrlabl Sync="TRUE">OWNER2</attrlabl><attalias Sync="TRUE">OWNER2</attalias><attrtype Sync="TRUE">String</attrtype><attwidth Sync="TRUE">32</attwidth><attrdef>PARCEL OWNER 2</attrdef></attr><attr><attrlabl Sync="TRUE">STREET</attrlabl><attalias Sync="TRUE">STREET</attalias><attrtype Sync="TRUE">String</attrtype><attwidth Sync="TRUE">30</attwidth><attrdef>OWNERS STREET ADDRESS</attrdef></attr><attr><attrlabl Sync="TRUE">CITYSTATE</attrlabl><attalias Sync="TRUE">CITYSTATE</attalias><attrtype Sync="TRUE">String</attrtype><attwidth Sync="TRUE">31</attwidth><attrdef>OWNERS CITY AND STATE</attrdef></attr><attr><attrlabl Sync="TRUE">ZIP</attrlabl><attalias Sync="TRUE">ZIP</attalias><attrtype Sync="TRUE">Number</attrtype><attwidth Sync="TRUE">7</attwidth><attrdef>OWNERS ZIPCODE</attrdef></attr><attr><attrlabl Sync="TRUE">MAIL1</attrlabl><attalias Sync="TRUE">MAIL1</attalias><attrtype Sync="TRUE">String</attrtype><attwidth Sync="TRUE">34</attwidth></attr><attr><attrlabl Sync="TRUE">MAIL2</attrlabl><attalias Sync="TRUE">MAIL2</attalias><attrtype Sync="TRUE">String</attrtype><attwidth Sync="TRUE">31</attwidth></attr><attr><attrlabl Sync="TRUE">LAND</attrlabl><attalias Sync="TRUE">LAND</attalias><attrtype Sync="TRUE">Number</attrtype><attwidth Sync="TRUE">15</attwidth><atnumdec Sync="TRUE">2</atnumdec><attrdef>ASSESSMENT FOR LAND ONLY</attrdef></attr><attr><attrlabl Sync="TRUE">ASMT</attrlabl><attalias Sync="TRUE">ASMT</attalias><attrtype Sync="TRUE">Number</attrtype><attwidth Sync="TRUE">15</attwidth><atnumdec Sync="TRUE">2</atnumdec><attrdef>TOTAL PROPERTY ASSESSMENT</attrdef></attr><attr><attrlabl Sync="TRUE">SCH</attrlabl><attalias Sync="TRUE">SCH</attalias><attrtype Sync="TRUE">Number</attrtype><attwidth Sync="TRUE">7</attwidth><attrdef>SCHOOL CODE</attrdef></attr></detailed></eainfo>
	<distinfo>
		<distrib>
			<cntinfo>
				<cntorgp>
					<cntorg>Tompkins County ITS GIS Division</cntorg>
					<cntper>Greg Potter</cntper>
				</cntorgp>
				<cntpos>GIS Manager</cntpos>
				<cntaddr>
					<addrtype>mailing and physical address</addrtype>
					<address>128 East Buffalo Street</address>
					<city>Ithaca</city>
					<state>New York</state>
					<postal>14850</postal>
					<country>USA</country>
				</cntaddr>
				<cntvoice>(607) 274-5416</cntvoice>
				<cntfax>(607) 274-5420</cntfax>
				<cntemail>gis@tompkins-co.org</cntemail>
				<hours>M-F 8:30 a.m. to 4:30 p.m.</hours>
			</cntinfo>
		</distrib>
		<distliab>The tax parcel data set and any products derived from it represents a compilation of graphical and textual information from deeds and surveys, hand-drawn mylar maps, a digitial planimetric base map, various paper and digital aerial photographs, and digital conversion of hand-drawn mylar maps.  Errors and omissions can occur from each of these sources, as each source represents a large number of records and originators of information.  As a practical matter, Tompkins County does not warrant the accuracy or completeness of the information portrayed.  The end user of the data sets and products derived from them agrees to accept the data "as is", with the full knowledge that errors and omissions may exist.  The end user further agrees to hold harmless Tompkins County for any liability or damages that may result from an improper or inappropriate use of the data.</distliab>
		<stdorder>
			<nondig>Paper maps, either color or black and white, available on 11"x17" 28lb paper or on 24"x36" coated inkjet paper.  Maps are also available on special media and at different print sizes, by request.</nondig>
			<fees>Half-size (11"x17") color maps are $3.00 each.  Full-size (24"x36") color maps are $12.00 each on coated paper.  Fees for special-request media or non-standard print sizes will vary.</fees>
			<ordering>Submit a written request to the Tompkins County Assessment Department.  Specify the municipality, map number(s), media type, print size, and color or black and white.  Map request may also be made via email
gis@tompkins-co.org.</ordering>
			<turnarnd>Half-size maps: 3-4 days for a full set.  Full-size maps: 5-10 days for a full set.</turnarnd>
		</stdorder>
		<stdorder>
			<fees>The cost of reproduction for a standard data set, which varies depending on the type of media requested (zip disk, CD-ROM, floppy diskette, etc.).  A standard data set is an Arc/Info coverage, Arc/Info export (.e00) file, ArcView shapefile, Dbase III database, or Microsoft Access database.  Official tax maps are available in Adobe Acrobat format, organized by municipality. Custom data sets or file types will incur additional labor costs. The standard data set is also available for free download at http://www.nysl.nysed.gov/gis/inventories/tompkins.htm.</fees>
			<ordering>Submit a written request to the Tompkins County ITS GIS Division.</ordering>
			<turnarnd>Three to four days.</turnarnd>
			<digform><digtinfo><transize Sync="TRUE">9.961</transize><dssize Sync="TRUE">9.961</dssize></digtinfo></digform></stdorder>
		<availabl>
			<timeinfo>
				<mdattim><sngdate><caldate>19990901</caldate></sngdate><sngdate><caldate>20000701</caldate></sngdate></mdattim></timeinfo>
		</availabl>
		<resdesc Sync="TRUE">Downloadable Data</resdesc></distinfo>
	<metainfo>
		<metd Sync="TRUE">20050317</metd>
		<metrd>20040730</metrd>
		<metc>
			<cntinfo>
				<cntorgp>
					<cntorg>Tompkins County ITS GIS Division</cntorg>
					<cntper>Greg Potter, Svetla Borovska, Steve Horn</cntper>
				</cntorgp>
				<cntpos>GIS</cntpos>
				<cntaddr>
					<addrtype>mailing and physical address</addrtype>
					<address>128 East Buffalo Street</address>
					<city>Ithaca</city>
					<state>New York</state>
					<postal>14850</postal>
					<country>USA</country>
				</cntaddr>
				<cntvoice>(607) 274-5418</cntvoice>
				<cntfax>(607) 274-5420</cntfax>
				<cntemail>gis@tompkins-co.org</cntemail>
				<hours>M-F 8:30 a.m. to 4:30 p.m.</hours>
			</cntinfo>
		</metc>
		<metstdn Sync="TRUE">FGDC Content Standards for Digital Geospatial Metadata</metstdn>
		<metac>None</metac>
		<metuc>None</metuc>
		<langmeta Sync="TRUE">en</langmeta><metstdv Sync="TRUE">FGDC-STD-001-1998</metstdv><mettc Sync="TRUE">local time</mettc><metextns><onlink Sync="TRUE">http://www.esri.com/metadata/esriprof80.html</onlink><metprof Sync="TRUE">ESRI Metadata Profile</metprof></metextns></metainfo>
	<Esri><MetaID>{16E8536E-6CFC-428E-B0C0-184472DBF65C}</MetaID><CreaDate>20040730</CreaDate><CreaTime>13035100</CreaTime><SyncOnce>FALSE</SyncOnce><SyncDate>20050317</SyncDate><SyncTime>08121700</SyncTime><ModDate>20050317</ModDate><ModTime>08121700</ModTime></Esri><dataIdInfo><envirDesc Sync="TRUE">Microsoft Windows XP Version 5.1 (Build 2600) Service Pack 1; ESRI ArcCatalog 9.0.0.535</envirDesc><dataLang><languageCode Sync="TRUE" value="en"></languageCode></dataLang><idCitation><resTitle Sync="TRUE">taxparcelsrps</resTitle><presForm><PresFormCd Sync="TRUE" value="005"></PresFormCd></presForm></idCitation><spatRpType><SpatRepTypCd Sync="TRUE" value="001"></SpatRepTypCd></spatRpType><dataExt><geoEle><GeoBndBox esriExtentType="native"><westBL Sync="TRUE">789792</westBL><eastBL Sync="TRUE">913729.562499</eastBL><northBL Sync="TRUE">957289.8125</northBL><southBL Sync="TRUE">824430.625</southBL><exTypeCode Sync="TRUE">1</exTypeCode></GeoBndBox></geoEle></dataExt><geoBox esriExtentType="decdegrees"><westBL Sync="TRUE">-76.696356</westBL><eastBL Sync="TRUE">-76.235824</eastBL><northBL Sync="TRUE">42.627415</northBL><southBL Sync="TRUE">42.262316</southBL><exTypeCode Sync="TRUE">1</exTypeCode></geoBox></dataIdInfo><mdLang><languageCode Sync="TRUE" value="en"></languageCode></mdLang><mdStanName Sync="TRUE">ISO 19115 Geographic Information - Metadata</mdStanName><mdStanVer Sync="TRUE">DIS_ESRI1.0</mdStanVer><mdChar><CharSetCd Sync="TRUE" value="004"></CharSetCd></mdChar><mdHrLv><ScopeCd Sync="TRUE" value="005"></ScopeCd></mdHrLv><mdHrLvName Sync="TRUE">dataset</mdHrLvName><distInfo><distributor><distorTran><onLineSrc><orDesc Sync="TRUE">002</orDesc><linkage Sync="TRUE">file://\\GIS\DATA\data\shapefiles\property\2004\taxparcelsrps.shp</linkage><protocol Sync="TRUE">Local Area Network</protocol></onLineSrc><transSize Sync="TRUE">9.961</transSize></distorTran><distorFormat><formatName Sync="TRUE">Shapefile</formatName></distorFormat></distributor></distInfo><spatRepInfo><VectSpatRep><topLvl><TopoLevCd Sync="TRUE" value="001"></TopoLevCd></topLvl><geometObjs Name="taxparcelsrps"><geoObjTyp><GeoObjTypCd Sync="TRUE" value="001"></GeoObjTypCd></geoObjTyp><geoObjCnt Sync="TRUE">32768</geoObjCnt></geometObjs></VectSpatRep></spatRepInfo><mdDateSt Sync="TRUE">20050317</mdDateSt><refSysInfo><RefSystem><refSysID><identCode Sync="TRUE">NAD_1983_StatePlane_New_York_Central_FIPS_3102_Feet</identCode></refSysID></RefSystem></refSysInfo></metadata>
