<?xml version="1.0" encoding="UTF-8"?>
<metadata xml:lang="en"><Esri><CreaDate>20101005</CreaDate><CreaTime>13251100</CreaTime><ArcGISFormat>1.0</ArcGISFormat><SyncOnce>TRUE</SyncOnce><DataProperties><lineage><Process ToolSource="C:\Program Files (x86)\ArcGIS\Desktop10.0\ArcToolbox\Toolboxes\Data Management Tools.tbx\CalculateField" Date="20101005" Time="131128">CalculateField Export_Output Type "Bank" VB #</Process><Process ToolSource="C:\Program Files (x86)\ArcGIS\Desktop10.0\ArcToolbox\Toolboxes\Data Management Tools.tbx\Append" Date="20101005" Time="131353">Append Export_Output_2 Export_Output NO_TEST "NAME "NAME" true false false 254 Text 0 0 ,First,#,H:\Spatial Statistics Courses and Data\Data\Export_Output_2.shp,NAME,-1,-1;Type "Type" true false false 50 Text 0 0 ,First,#,H:\Spatial Statistics Courses and Data\Data\Export_Output_2.shp,Type,-1,-1" #</Process><Process ToolSource="C:\Program Files (x86)\ArcGIS\Desktop10.0\ArcToolbox\Toolboxes\Data Management Tools.tbx\Project" Date="20101005" Time="131922">Project Export_Output H:\ArcGIS\Default.gdb\Export_Output_Project GEOGCS['GCS_North_American_1983',DATUM['D_North_American_1983',SPHEROID['GRS_1980',6378137.0,298.257222101]],PRIMEM['Greenwich',0.0],UNIT['Degree',0.0174532925199433]] NAD_1983_To_HARN_OR_WA GEOGCS['GCS_North_American_1983_HARN',DATUM['D_North_American_1983_HARN',SPHEROID['GRS_1980',6378137.0,298.257222101]],PRIMEM['Greenwich',0.0],UNIT['Degree',0.0174532925199433]]</Process><Process ToolSource="C:\Program Files (x86)\ArcGIS\Desktop10.0\ArcToolbox\Toolboxes\Data Management Tools.tbx\Append" Date="20101005" Time="132026">Append Export_Output_2 Export_Output_Project NO_TEST "NAME "NAME" true true false 254 Text 0 0 ,First,#,H:\Spatial Statistics Courses and Data\Data\Export_Output_2.shp,NAME,-1,-1;Type "Type" true true false 50 Text 0 0 ,First,#,H:\Spatial Statistics Courses and Data\Data\Export_Output_2.shp,Type,-1,-1" #</Process><Process ToolSource="C:\Program Files (x86)\ArcGIS\Desktop10.0\ArcToolbox\Toolboxes\Data Management Tools.tbx\Project" Date="20101005" Time="132511">Project Banks_Fringe "H:\Spatial Statistics Courses and Data\Data\Financial_Points.shp" PROJCS['NAD_1983_HARN_StatePlane_Washington_North_FIPS_4601_Feet',GEOGCS['GCS_North_American_1983_HARN',DATUM['D_North_American_1983_HARN',SPHEROID['GRS_1980',6378137.0,298.257222101]],PRIMEM['Greenwich',0.0],UNIT['Degree',0.0174532925199433]],PROJECTION['Lambert_Conformal_Conic'],PARAMETER['False_Easting',1640416.666666667],PARAMETER['False_Northing',0.0],PARAMETER['Central_Meridian',-120.8333333333333],PARAMETER['Standard_Parallel_1',47.5],PARAMETER['Standard_Parallel_2',48.73333333333333],PARAMETER['Latitude_Of_Origin',47.0],UNIT['Foot_US',0.3048006096012192]] NAD_1983_To_HARN_OR_WA GEOGCS['GCS_North_American_1983',DATUM['D_North_American_1983',SPHEROID['GRS_1980',6378137.0,298.257222101]],PRIMEM['Greenwich',0.0],UNIT['Degree',0.0174532925199433]]</Process></lineage><itemProps><itemLocation><linkage Sync="TRUE">file://\\csde-fs2\user\csfowler\ArcGIS\Default.gdb</linkage><protocol Sync="TRUE">Local Area Network</protocol></itemLocation></itemProps></DataProperties></Esri></metadata>
