<?xml version="1.0"?>
<metadata>
	<idinfo>
		<citation>
			<citeinfo>
				<origin>Washington State Office of Financial Management, Forecasting Division.</origin>
				<pubdate>February, 2000</pubdate>
				<title>2000 Census Block Group Boundaries, Washington State</title>
				<edition>Redistricting Census 2000</edition>
				<pubinfo>
					<pubplace>Olympia, Washington</pubplace>
				</pubinfo>
				<onlink>http://www.ofm.wa.gov/geographic/index.htm</onlink>
				<lworkcit>
					<citeinfo>
						<origin>
U.S. Department of Commerce
Bureau of the Census
Geography Division
</origin>
						<pubdate>2001</pubdate>
						<title>TIGER/Line Files, Redistricting Census 2000</title>
						<edition>Redistricting Census 2000</edition>
						<serinfo>
							<sername>TIGER/Line Files</sername>
							<issue>Census 2000 Redistricting version.</issue>
						</serinfo>
						<pubinfo>
							<pubplace>Washington, DC</pubplace>
							<publish>
U.S. Department of Commerce
Bureau of the Census
Geography Division
</publish>
						</pubinfo>
					</citeinfo>
				</lworkcit>
				<ftname Sync="TRUE">blockgroup_nowater</ftname><geoform Sync="TRUE">vector digital data</geoform></citeinfo>
		</citation>
		<descript>
			<abstract>
Census 2000, Census Block Group Boundaries for Washington State.

This data set was extracted from the 2000 TIGER/Line Redistricting File.
The geographic coverage for a single TIGER/Line file is a county or statistical equivalent entity, with the coverage area based on January 1, 2000 legal boundaries.  This dataset contains extracts from all of Washington State's 39 Counties.
</abstract>
			<purpose>Statistical enumeration, cartographic display and analysis.</purpose>
			<supplinf>
Block groups are clusters of blocks within the same census tract having the same first digit of their 4-digit census block number. For example, blocks 3001, 3002, 3003, . . ., 3999 in census tract 1210.02 belong to BG 3. Census 2000 BGs generally contain between 600 and 3,000 people, with an optimum size of 1,500 people. Most BGs were delineated by local participants in the U.S. Census Bureau's Participant Statistical Areas Program. The U.S. Census Bureau delineated BGs only where a local or tribal government declined to participate or where the U.S. Census Bureau could not identify a potential local participant. A BG usually covers a contiguous area. Each census tract contains at least one BG and BGs are uniquely numbered within census tract. Within the standard census geographic hierarchy BGs never cross county or census tract boundaries, but may cross the boundaries of county subdivisions, places, urbanized areas, voting districts, congressional districts, and American Indian/Alaska Native areas/Hawaiian home lands.

The Census Bureau created 4,825 uniquely numbered Census Block Groups for Washington State (2000 Census).  These Block Groups can be made up of multiple polygons.

The Census Bureau continually updates their TIGER Database.  In the update process the points, lines, and polygons are  repositioned.  Because of the repositioning of various TIGER line segments the boundaries included may not correspond to those derived from previous versions of the TIGER files.

To find out more about TIGER/Line files and other Census TIGER data base derived data sets visit http://www.census.gov/geo/www/tiger.

NOTE: portions of this metadata file have copied directly from Census documentation.
</supplinf>
			<langdata Sync="TRUE">en</langdata></descript>
		<timeperd>
			<timeinfo>
				<sngdate>
					<caldate>20000101</caldate>
				</sngdate>
			</timeinfo>
			<current>ground condition</current>
		</timeperd>
		<status>
			<progress>Complete</progress>
			<update>TIGER/Line files are extracted from the Census TIGER data base when needed for geographic programs required to support the census and survey programs of the Census Bureau.  No changes or updates will be made to the Redistricting Census 2000 TIGER/Line files.  Future releases of TIGER/Line files will reflect updates made to the Census TIGER data base and will be released under a version numbering system based on the month and year the data is extracted.</update>
		</status>
		<spdom>
			<bounding>
				<westbc Sync="TRUE">-124.913262</westbc>
				<eastbc Sync="TRUE">-116.683979</eastbc>
				<northbc Sync="TRUE">49.060937</northbc>
				<southbc Sync="TRUE">45.484401</southbc>
			</bounding>
			<lboundng><leftbc Sync="TRUE">661172.229329</leftbc><rightbc Sync="TRUE">2636356.354506</rightbc><bottombc Sync="TRUE">-527874.113674</bottombc><topbc Sync="TRUE">751825.528921</topbc></lboundng></spdom>
		<accconst>NONE</accconst>
		<useconst>NONE</useconst>
		<ptcontac>
			<cntinfo>
				<cntorgp>
					<cntorg>Office of Financial Management</cntorg>
				</cntorgp>
				<cntaddr>
					<addrtype>mailing address</addrtype>
					<address>GA Building, Suite 318
PO Box 43113</address>
					<city>Olympia</city>
					<state>Washington</state>
					<postal>98504-3113</postal>
				</cntaddr>
				<cntfax>360-725-5174</cntfax>
				<cntemail>OFM.Forecasting@OFM.WA.GOV</cntemail>
				<cntinst>E-mail Preferred</cntinst>
				<cntvoice>360-902-0599</cntvoice><cntpos>Forecast Analyst - GIS Specialist</cntpos><hours>0800 to 1600 Pacific Time  M - F</hours></cntinfo>
		</ptcontac>
		<datacred>
US Bureau of the Census
Washington State Office of Financial Management: Forecasting Division.
</datacred>
		<native Sync="TRUE">Microsoft Windows XP Version 5.1 (Build 2600) Service Pack 3; ESRI ArcCatalog 9.3.0.1770</native>
		<crossref>
			<citeinfo>
				<origin>
U.S. Department of Commerce
Bureau of the Census
Geography Division
</origin>
				<pubdate>2001</pubdate>
				<title>TIGER/Line Files, Redistricting Census 2000</title>
				<edition>Redistricting Census 2000</edition>
				<serinfo>
					<sername>TIGER/Line Files</sername>
					<issue>Census 2000 Redistricting version.</issue>
				</serinfo>
				<pubinfo>
					<pubplace>Washington, DC</pubplace>
					<publish>
U.S. Department of Commerce
Bureau of the Census
Geography Division
</publish>
				</pubinfo>
			</citeinfo>
		</crossref>
		<keywords><theme><themekt>REQUIRED: Reference to a formally registered thesaurus or a similar authoritative source of theme keywords.</themekt><themekey>REQUIRED: Common-use word or phrase used to describe the subject of the data set.</themekey></theme></keywords><natvform Sync="TRUE">File Geodatabase Feature Class</natvform></idinfo>
	<dataqual>
		<attracc>
			<attraccr>
The data represent boundaries used for enumeration in the 2000 Census.

The Census Bureau check for accuracy against Federal information Processing Standards (FIPS), FIPS Publication 6-4, and FIPS-55 at the 100% level for the codes and base names.  The remaining attribute information has been examined but has not been fully tested for accuracy.

The data represent entities in Washington State only.
</attraccr>
		</attracc>
		<complete>The data represent the 4,825 Census Block Groups in the State of Washington prepared for the 2000 Census at the time the TIGER/Line files (Redistricting Census 2000 version) were created.</complete>
		<posacc>
			<horizpa>
				<horizpar>The information present in these files is provided for the purposes of statistical analysis and census operations only.  Coordinates in the TIGER/Line files have six implied decimal places, but the positional accuracy of these coordinates is not as great as the six decimal places suggest.  The positional accuracy varies with the source materials used, but generally the information is no better than the established national map Accuracy standards for 1:100,000-scale maps from the U.S. Geological Survey (USGS); thus it is NOT suitable for high-precision measurement applications such as engineering problems, property transfers, or other uses that might require highly accurate measurements of the earth's surface.  The USGS 1:100,000-scale maps met national map accuracy standards and use coordinates defined by the North American Datum, 1983.  For the contiguous 48 States, the cartographic fidelity of most of the Redistricting Census 2000 TIGER/Line files, in areas outside the 1980 census Geographic Base File/Dual Independent map Encoding (GBF/DIME) file coverage and selected other large metropolitan areas, compare favorable with the USGS 1:100,000-scale maps.  The Census Bureau cannot specify the accuracy of features inside of what was the 1980 GBF/DIME-File coverage or selected metropolitan areas.  The Census Bureau added updates to the TIGER/Line files that enumerators annotated on maps sheets prepared from the Census TIGER data base as they attempted to traverse every street feature shown on the Census 2000 map sheets; the Census Bureau also made other corrections from updated map sheets supplied by local participants for Census Bureau programs.  The locational accuracy of these updates is of unknown quality.  In addition to the Federal, State, and local sources, portions of the files may contain information obtained in part from maps and other materials prepared by private companies.  Despite the fact the TIGER/Line data positional accuracy is not as high as the coordinate values imply, the six-decimal place precision is useful when producing maps.  The precision allows features that are next to each other on the ground to be placed in the correct position, on the map, relative to each other, without overlap.</horizpar>
			</horizpa>
		</posacc>
		<lineage>
			<srcinfo>
				<srccite>
					<citeinfo>
						<origin>
U.S. Department of Commerce
Bureau of the Census
Geography Division
</origin>
						<pubdate>2001</pubdate>
						<title>TIGER/Line Files, Redistricting Census 2000</title>
						<edition>Redistricting Census 2000</edition>
						<serinfo>
							<sername>TIGER/Line Files</sername>
							<issue>Census 2000 Redistricting version.</issue>
						</serinfo>
						<pubinfo>
							<pubplace>Washington, DC</pubplace>
							<publish>
U.S. Department of Commerce
Bureau of the Census
Geography Division
</publish>
						</pubinfo>
					</citeinfo>
				</srccite>
				<srctime>
					<timeinfo>
						<sngdate>
							<time>unknown</time>
						</sngdate>
					</timeinfo>
				</srctime>
				<srccitea>TIGER</srccitea>
			</srcinfo>
			<procstep>
				<procdesc>Raw TIGER00r data was imported into ArcView 3.1 using commercially available software.  Individual county shape  files were joined into Statewide shapefiles.  Some attribute labels were renamed and attribute formats were altered.</procdesc>
				<srcused>TIGER</srcused>
				<procdate>1/31/01</procdate>
				<proccont>
					<cntinfo>
						<cntpos>Forecast Analyst - GIS Specialist</cntpos>
						<cntaddr>
							<addrtype>physical address</addrtype>
							<address>GA Building, Suite 318
PO Box 43113</address>
							<city>Olympia</city>
							<state>Washington</state>
							<postal>98504-3113</postal>
							<country>USA</country>
						</cntaddr>
						<cntvoice>360-902-0599</cntvoice>
						<cntfax>360-725-5174</cntfax>
						<cntemail>OFM.Forecasting@ofm.wa.gov</cntemail>
						<hours>0800 to 1600 Pacific Time M-F</hours>
						<cntinst>E-mail Preferred</cntinst>
						<cntorgp><cntorg>Office of Financial Management</cntorg></cntorgp></cntinfo>
				</proccont>
			</procstep>
			<procstep><procdesc Sync="TRUE">Metadata imported.</procdesc><srcused Sync="TRUE">C:\DOCUME~1\mikem\LOCALS~1\Temp\xmlD6.tmp</srcused><date Sync="TRUE">20020524</date><time Sync="TRUE">10470800</time></procstep><procstep><procdesc Sync="TRUE">Dataset copied.</procdesc><srcused Sync="TRUE"></srcused><date Sync="TRUE">20050114</date><time Sync="TRUE">14284600</time></procstep><procstep><procdesc Sync="TRUE">Dataset moved.</procdesc><srcused Sync="TRUE">g:\fc_gis\websitefiles\blockg00</srcused><date Sync="TRUE">20050114</date><time Sync="TRUE">15391900</time></procstep><procstep><procdesc Sync="TRUE">Dataset copied.</procdesc><srcused Sync="TRUE">G:\FC_GIS\WebSiteFiles\Harn83\blockg00</srcused><date Sync="TRUE">20050718</date><time Sync="TRUE">11490900</time></procstep><procstep><procdesc Sync="TRUE">Dataset copied.</procdesc><srcused Sync="TRUE"></srcused><date Sync="TRUE">20050718</date><time Sync="TRUE">11561100</time></procstep><procstep><procdesc Sync="TRUE">Dataset copied.</procdesc><srcused Sync="TRUE">C:\temp\a\blockg00_shp</srcused><date Sync="TRUE">20050718</date><time Sync="TRUE">14141300</time></procstep><procstep><procdesc Sync="TRUE">Dataset copied.</procdesc><srcused Sync="TRUE"></srcused><date Sync="TRUE">20070117</date><time Sync="TRUE">17095200</time></procstep><procstep><procdesc Sync="TRUE">Dataset copied.</procdesc><srcused Sync="TRUE"></srcused><date Sync="TRUE">20070124</date><time Sync="TRUE">17260700</time></procstep></lineage>
		<cloud>0</cloud>
	</dataqual>
	<spdoinfo>
		<direct Sync="TRUE">Vector</direct>
		<ptvctinf><esriterm Name="blockgroup_nowater"><efeatyp Sync="TRUE">Simple</efeatyp><efeageom Sync="TRUE">Polygon</efeageom><esritopo Sync="TRUE">FALSE</esritopo><efeacnt Sync="TRUE">0</efeacnt><spindex Sync="TRUE">TRUE</spindex><linrefer Sync="TRUE">FALSE</linrefer></esriterm><sdtsterm Name="blockgroup_nowater"><sdtstype Sync="TRUE">G-polygon</sdtstype><ptvctcnt Sync="TRUE">0</ptvctcnt></sdtsterm></ptvctinf></spdoinfo>
	<spref>
		<horizsys>
			<geodetic>
				<horizdn Sync="TRUE">D_North_American_1983_HARN</horizdn>
				<ellips Sync="TRUE">Geodetic Reference System 80</ellips>
				<semiaxis Sync="TRUE">6378137.000000</semiaxis>
				<denflat Sync="TRUE">298.257222</denflat>
			</geodetic>
			<cordsysn><geogcsn Sync="TRUE">GCS_North_American_1983_HARN</geogcsn><projcsn Sync="TRUE">NAD_1983_HARN_StatePlane_Washington_North_FIPS_4601_Feet</projcsn></cordsysn><planar><planci><plance Sync="TRUE">coordinate pair</plance><plandu Sync="TRUE">survey feet</plandu><coordrep><absres Sync="TRUE">0.000044</absres><ordres Sync="TRUE">0.000044</ordres></coordrep></planci><mapproj><mapprojn Sync="TRUE">Lambert Conformal Conic</mapprojn><lambertc><stdparll Sync="TRUE">47.500000</stdparll><stdparll Sync="TRUE">48.733333</stdparll><longcm Sync="TRUE">-120.833333</longcm><latprjo Sync="TRUE">47.000000</latprjo><feast Sync="TRUE">1640416.666667</feast><fnorth Sync="TRUE">0.000000</fnorth></lambertc></mapproj></planar></horizsys>
	</spref>
	<eainfo>
		<detailed Name="blockgroup_nowater">
			<enttyp>
				<enttypl Sync="TRUE">blockgroup_nowater</enttypl>
				<enttypd>
BGs have a valid range of 0 through 9. BGs beginning with a 0 generally are in coastal and Great Lakes water and territorial seas. Rather than ex tending a census tract boundary into the Great Lakes or out to the three-mile territorial sea limit, the U.S. Census Bureau delineated some census tract boundaries along the shoreline or just offshore. The U.S. Census Bureau assigned a default census tract number of 0000 and BG of 0 to the offshore areas not included in regularly numbered census tract areas.

In decennial census data tabulations, a block group may be split to present data for every unique combination of county subdivision, place, voting district, congressional district, American Indian area/Alaska Native area/Hawaiian home land shown in the data tabulation products.

For more information see U.S. Bureau of the Census, TIGER/Line files, Redistricting Census 2000 Technical Documentation.  The TIGER/Line documentation defines the terms and definitions used within the files.
</enttypd>
				<enttypds>Washington State Office of Financial Management, Forecasting Division.</enttypds>
				<enttypt Sync="TRUE">Feature Class</enttypt><enttypc Sync="TRUE">0</enttypc></enttyp>
			<attr>
				<attrlabl Sync="TRUE">Shape</attrlabl>
				<attrdef Sync="TRUE">Feature geometry.</attrdef>
				<attrdefs Sync="TRUE">ESRI</attrdefs>
				<attrdomv>
					<rdom>
					</rdom>
					<udom Sync="TRUE">Coordinates defining the features.</udom></attrdomv>
				<attalias Sync="TRUE">Shape</attalias><attrtype Sync="TRUE">Geometry</attrtype><attwidth Sync="TRUE">0</attwidth><atprecis Sync="TRUE">0</atprecis><attscale Sync="TRUE">0</attscale></attr>
			<attr>
				<attrlabl Sync="TRUE">STATE</attrlabl>
				<attrdefs>Bureau of the Census.</attrdefs>
				<attrdomv>
					<rdom>
						<rdommin>53</rdommin>
						<rdommax>53</rdommax>
					</rdom>
				</attrdomv>
				<attalias Sync="TRUE">STATE</attalias><attrtype Sync="TRUE">String</attrtype><attwidth Sync="TRUE">2</attwidth><attrdef>Two digit Washington State FIPS Code.</attrdef><atprecis Sync="TRUE">0</atprecis><attscale Sync="TRUE">0</attscale></attr>
			<attr>
				<attrlabl Sync="TRUE">COUNTY</attrlabl>
				<attrdefs>Bureau of the Census.</attrdefs>
				<attalias Sync="TRUE">COUNTY</attalias><attrtype Sync="TRUE">String</attrtype><attwidth Sync="TRUE">3</attwidth><attrdef>A three-digit Federal Information Processing Standards (FIPS) code that identifies each county and statistically equivalent entity within a state. The U.S. Census Bureau assigns the codes within a state based on the alphabetic sequence of county names within that state leaving gaps in the numbering system to accommodate new counties or statistically equivalent entities.</attrdef><attrdomv><rdom><rdommin>001</rdommin><rdommax>077</rdommax></rdom></attrdomv><atprecis Sync="TRUE">0</atprecis><attscale Sync="TRUE">0</attscale></attr>
			<attr>
				<attrlabl Sync="TRUE">TRACT00</attrlabl>
				<attrdefs>Bureau of the Census.</attrdefs>
				<attrdomv>
					<rdom>
						<rdommin>000100</rdommin><rdommax>982300</rdommax></rdom>
				</attrdomv>
				<begdatea>1/1/2000</begdatea>
				<enddatea>1/1/2000</enddatea>
				<attalias Sync="TRUE">TRACT00</attalias><attrtype Sync="TRUE">String</attrtype><attwidth Sync="TRUE">6</attwidth><attrdef>Six digit Census 2000 Tract ID.  A Tract ID is unique only within its appropriate county.</attrdef><atprecis Sync="TRUE">0</atprecis><attscale Sync="TRUE">0</attscale></attr>
			<attr>
				<attrlabl Sync="TRUE">GROUP00</attrlabl>
				<attrdefs>Bureau of the Census.</attrdefs>
				<attrdomv>
					<rdom>
						<rdommax>9</rdommax>
						<rdommin>0</rdommin></rdom>
				</attrdomv>
				<begdatea>1/1/2000</begdatea>
				<enddatea>1/1/2000</enddatea>
				<attalias Sync="TRUE">GROUP00</attalias><attrtype Sync="TRUE">String</attrtype><attwidth Sync="TRUE">1</attwidth><attrdef>Four digit Census 2000 Block Group ID.  A BlockGroup ID is unique only within its appropriate Census Tract.</attrdef><atprecis Sync="TRUE">0</atprecis><attscale Sync="TRUE">0</attscale></attr>
			<attr><attrlabl Sync="TRUE">GROUP00L</attrlabl><attalias Sync="TRUE">GROUP00L</attalias><attrtype Sync="TRUE">String</attrtype><attwidth Sync="TRUE">12</attwidth><attrdefs>Bureau of the Census.</attrdefs><attrdef>Nationally Unique Census Block Group Number.  This is a combination of the State FIPS Code, County FIPS Code, 2000 Census Tract, and 2000 Group Block ID's.</attrdef><atprecis Sync="TRUE">0</atprecis><attscale Sync="TRUE">0</attscale></attr><attr><attrlabl Sync="TRUE">OBJECTID</attrlabl><attalias Sync="TRUE">OBJECTID</attalias><attrtype Sync="TRUE">OID</attrtype><attwidth Sync="TRUE">4</attwidth><atprecis Sync="TRUE">0</atprecis><attscale Sync="TRUE">0</attscale><attrdef Sync="TRUE">Internal feature number.</attrdef><attrdefs Sync="TRUE">ESRI</attrdefs><attrdomv><udom Sync="TRUE">Sequential unique whole numbers that are automatically generated.</udom></attrdomv></attr><attr><attrlabl Sync="TRUE">COUNT_</attrlabl><attalias Sync="TRUE">COUNT_</attalias><attrtype Sync="TRUE">SmallInteger</attrtype><attwidth Sync="TRUE">2</attwidth><atprecis Sync="TRUE">0</atprecis><attscale Sync="TRUE">0</attscale></attr><attr><attrlabl Sync="TRUE">LOGRECNO</attrlabl><attalias Sync="TRUE">LOGRECNO</attalias><attrtype Sync="TRUE">String</attrtype><attwidth Sync="TRUE">7</attwidth><atprecis Sync="TRUE">0</atprecis><attscale Sync="TRUE">0</attscale></attr><attr><attrlabl Sync="TRUE">Shape_Length</attrlabl><attalias Sync="TRUE">Shape_Length</attalias><attrtype Sync="TRUE">Double</attrtype><attwidth Sync="TRUE">8</attwidth><atprecis Sync="TRUE">0</atprecis><attscale Sync="TRUE">0</attscale><attrdef Sync="TRUE">Length of feature in internal units.</attrdef><attrdefs Sync="TRUE">ESRI</attrdefs><attrdomv><udom Sync="TRUE">Positive real numbers that are automatically generated.</udom></attrdomv></attr><attr><attrlabl Sync="TRUE">Shape_Area</attrlabl><attalias Sync="TRUE">Shape_Area</attalias><attrtype Sync="TRUE">Double</attrtype><attwidth Sync="TRUE">8</attwidth><atprecis Sync="TRUE">0</atprecis><attscale Sync="TRUE">0</attscale><attrdef Sync="TRUE">Area of feature in internal units squared.</attrdef><attrdefs Sync="TRUE">ESRI</attrdefs><attrdomv><udom Sync="TRUE">Positive real numbers that are automatically generated.</udom></attrdomv></attr></detailed>
		<overview>
			<eadetcit>U.S. Bureau of the Census, TIGER/Line files, Redistricting Census 2000 Technical Documentation.  The TIGER/Line documentation defines the terms and definitions used within the files.</eadetcit>
		</overview>
	</eainfo>
	<distinfo>
		<distrib>
			<cntinfo>
				<cntorgp>
					<cntorg>Office of Financial Management</cntorg>
				</cntorgp>
				<cntaddr>
					<addrtype>mailing address</addrtype>
					<address>GA Building, Suite 318
PO Box 43113</address>
					<city>Olympia</city>
					<state>Washington</state>
					<postal>98504-3113</postal>
				</cntaddr>
				<cntvoice>360-902-0599</cntvoice>
				<cntfax>360-725-5174</cntfax>
				<cntemail>Forecasting@ofm.wa.gov</cntemail>
				<cntinst>E-mail Preferred</cntinst>
				<cntpos>Forecast Analyst - GIS Specialist</cntpos><hours>0800 to 1600 Pacific Time  M - F</hours></cntinfo>
		</distrib>
		<distliab>
The Washington State Office of Financial Management shall not be liable for any activity involving these data with regard to lost profits or savings or any other consequential damages; or the fitness for use of the data for a
particular purpose; or the installation of the data, its use, or the results obtained.
</distliab>
		<availabl>
			<timeinfo>
				<sngdate>
					<caldate>20010205</caldate>
				</sngdate>
			</timeinfo>
		</availabl>
		<resdesc Sync="TRUE">Downloadable Data</resdesc><stdorder><digform><digtinfo><transize Sync="TRUE">0.000</transize><dssize Sync="TRUE">0.000</dssize></digtinfo></digform></stdorder></distinfo>
	<metainfo>
		<metd Sync="TRUE">20100521</metd>
		<metc>
			<cntinfo>
				<cntpos>Forecast Analyst - GIS Specialist</cntpos>
				<cntaddr>
					<addrtype>mailing address</addrtype>
					<address>GA Building, Suite 318</address>
					<city>Olympia</city>
					<state>Washington</state>
					<postal>98504-3113</postal>
					<country>USA</country>
					<address>PO Box 43113</address></cntaddr>
				<cntvoice>360-902-0599</cntvoice>
				<cntfax>360-725-5174</cntfax>
				<cntemail>OFM.Forecasting@ofm.wa.gov</cntemail>
				<hours>0800 to 1600 Pacific Time M-F</hours>
				<cntinst>E-mail Preferred</cntinst>
				<cntorgp><cntorg>Office of Financial Management</cntorg></cntorgp></cntinfo>
		</metc>
		<metstdn Sync="TRUE">FGDC Content Standards for Digital Geospatial Metadata</metstdn>
		<metstdv Sync="TRUE">FGDC-STD-001-1998</metstdv>
		<mettc Sync="TRUE">local time</mettc>
		<metac>None</metac>
		<metuc>None</metuc>
		<langmeta Sync="TRUE">en</langmeta><metextns><onlink Sync="TRUE">http://www.esri.com/metadata/esriprof80.html</onlink><metprof Sync="TRUE">ESRI Metadata Profile</metprof></metextns></metainfo>
	<Esri><CreaDate>20101005</CreaDate><CreaTime>12133000</CreaTime><SyncOnce>FALSE</SyncOnce><SyncDate>20100521</SyncDate><SyncTime>11504600</SyncTime><ModDate>20100521</ModDate><ModTime>11504600</ModTime><DataProperties><lineage><Process Name="Erase_3" ToolSource="C:\Program Files\ArcGIS\ArcToolbox\Toolboxes\Analysis Tools.tbx\Erase" Date="20070124" Time="180301">Erase C:\2000CensusPugSnd\GeogFiles\King\blockgroup00_king.shp C:\2000CensusPugSnd\GeogFiles\King\water00_king.shp C:\2000CensusPugSnd\GeogFiles\King\blockgroup00_king_nowater.shp #</Process><Process ToolSource="C:\Program Files\ArcGIS\ArcToolbox\Toolboxes\Data Management Tools.tbx\CopyFeatures" Date="20070504" Time="142119">CopyFeatures C:\2000CensusPugSnd\GeogFiles\King\blockgroup00_king_nowater.shp C:\2000CensusPugSndSF3\CountyTables\King\KingSF3_2000.mdb\blockgroup00_king_nowater # 0 0 0</Process><Process ToolSource="C:\Program Files\ArcGIS\ArcToolbox\Toolboxes\Data Management Tools.tbx\CopyFeatures" Date="20100521" Time="115046">CopyFeatures C:\2000CensusPugSndSF3\CountyTables\King\KingSF3_2000.mdb\blockgroup_nowater "C:\2000CensusPugSndSF3\CountyTables\King\New File Geodatabase.gdb\blockgroup_nowater" # 0 0 0</Process><Process ToolSource="C:\Program Files\ArcGIS\ArcToolbox\Toolboxes\Data Management Tools.tbx\SelectLayerByAttribute" Date="20101014" Time="123026">SelectLayerByAttribute tmpLayer NEW_SELECTION FID=305 tmpLayer</Process><Process ToolSource="C:\Program Files\ArcGIS\ArcToolbox\Toolboxes\Data Management Tools.tbx\SelectLayerByAttribute" Date="20101014" Time="153740">SelectLayerByAttribute tmpLayer NEW_SELECTION FID=419 tmpLayer</Process><Process ToolSource="C:\Program Files\ArcGIS\ArcToolbox\Toolboxes\Data Management Tools.tbx\SelectLayerByAttribute" Date="20101014" Time="155353">SelectLayerByAttribute tmpLayer NEW_SELECTION FID=304 tmpLayer</Process><Process ToolSource="C:\Program Files\ArcGIS\ArcToolbox\Toolboxes\Data Management Tools.tbx\SelectLayerByAttribute" Date="20110505" Time="131046">SelectLayerByAttribute tmpLayer NEW_SELECTION FID=305 tmpLayer</Process><Process ToolSource="C:\Program Files\ArcGIS\ArcToolbox\Toolboxes\Data Management Tools.tbx\SelectLayerByAttribute" Date="20110505" Time="131321">SelectLayerByAttribute tmpLayer NEW_SELECTION FID=304 tmpLayer</Process></lineage></DataProperties><ArcGISFormat>1.0</ArcGISFormat></Esri><dataIdInfo><envirDesc Sync="TRUE">Microsoft Windows XP Version 5.1 (Build 2600) Service Pack 3; ESRI ArcCatalog 9.3.0.1770</envirDesc><dataLang><languageCode Sync="TRUE" value="en"></languageCode></dataLang><idCitation><resTitle Sync="TRUE">blockgroup_nowater</resTitle><presForm><PresFormCd Sync="TRUE" value="005"></PresFormCd></presForm></idCitation><spatRpType><SpatRepTypCd Sync="TRUE" value="001"></SpatRepTypCd></spatRpType><geoBox esriExtentType="decdegrees"><westBL Sync="TRUE">-124.913262</westBL><eastBL Sync="TRUE">-116.683979</eastBL><northBL Sync="TRUE">49.060937</northBL><southBL Sync="TRUE">45.484401</southBL><exTypeCode Sync="TRUE">1</exTypeCode></geoBox><dataExt><geoEle><GeoBndBox esriExtentType="native"><westBL Sync="TRUE">661172.229329</westBL><eastBL Sync="TRUE">2636356.354506</eastBL><northBL Sync="TRUE">751825.528921</northBL><southBL Sync="TRUE">-527874.113674</southBL><exTypeCode Sync="TRUE">1</exTypeCode></GeoBndBox></geoEle></dataExt></dataIdInfo><mdLang><languageCode Sync="TRUE" value="en"></languageCode></mdLang><mdStanName Sync="TRUE">ISO 19115 Geographic Information - Metadata</mdStanName><mdStanVer Sync="TRUE">DIS_ESRI1.0</mdStanVer><mdChar><CharSetCd Sync="TRUE" value="004"></CharSetCd></mdChar><mdHrLv><ScopeCd Sync="TRUE" value="005"></ScopeCd></mdHrLv><mdHrLvName Sync="TRUE">dataset</mdHrLvName><distInfo><distributor><distorTran><onLineSrc><orDesc Sync="TRUE">002</orDesc><linkage Sync="TRUE">file://\\STAFFGISPC\C\2000CensusPugSndSF3\CountyTables\King\New File Geodatabase.gdb</linkage><protocol Sync="TRUE">Local Area Network</protocol></onLineSrc><transSize Sync="TRUE">0.000</transSize></distorTran><distorFormat><formatName Sync="TRUE">File Geodatabase Feature Class</formatName></distorFormat></distributor></distInfo><refSysInfo><RefSystem><refSysID><identCode Sync="TRUE">NAD_1983_HARN_StatePlane_Washington_North_FIPS_4601_Feet</identCode></refSysID></RefSystem></refSysInfo><spatRepInfo><VectSpatRep><topLvl><TopoLevCd Sync="TRUE" value="001"></TopoLevCd></topLvl><geometObjs Name="blockgroup_nowater"><geoObjTyp><GeoObjTypCd Sync="TRUE" value="001"></GeoObjTypCd></geoObjTyp><geoObjCnt Sync="TRUE">0</geoObjCnt></geometObjs></VectSpatRep></spatRepInfo><mdDateSt Sync="TRUE">20100521</mdDateSt></metadata>
