<?xml version="1.0"?>
<!--<!DOCTYPE metadata SYSTEM "http://www.esri.com/metadata/esriprof80.dtd">-->
<metadata xml:lang="en"><Esri><CreaDate>20100207</CreaDate><CreaTime>10485900</CreaTime><SyncOnce>TRUE</SyncOnce><MetaID>{1447C080-576F-4E0B-8E82-347E0D9D5AD5}</MetaID></Esri><idinfo><citation><citeinfo><onlink Sync="TRUE"></onlink></citeinfo></citation></idinfo><distInfo><distributor><distorTran><onLineSrc><linkage Sync="TRUE">file://</linkage><protocol Sync="TRUE">Local Area Network</protocol></onLineSrc></distorTran></distributor></distInfo><dataqual><lineage><procstep><procdesc Sync="TRUE">Dataset copied.</procdesc><srcused Sync="TRUE">g:\data\countydatafile\hydrocl</srcused><date Sync="TRUE">20020918</date><time Sync="TRUE">09513400</time></procstep><procstep><procdesc Sync="TRUE">Dataset copied.</procdesc><srcused Sync="TRUE"></srcused><procdate Sync="TRUE">20100207</procdate><proctime Sync="TRUE">10485900</proctime></procstep></lineage></dataqual></metadata>
