<?xml version="1.0"?>
<!--<!DOCTYPE metadata SYSTEM "http://www.esri.com/metadata/esriprof80.dtd">-->
<metadata xml:lang="en"><Esri><MetaID>{29FB710E-03D6-429B-8CEA-B0F009FCF40C}</MetaID><CreaDate>20100112</CreaDate><CreaTime>13410700</CreaTime><SyncOnce>FALSE</SyncOnce><SyncDate>20230914</SyncDate><SyncTime>14465300</SyncTime><ModDate>20230914</ModDate><ModTime>14465300</ModTime><DataProperties><lineage><Process ToolSource="C:\Program Files\ArcGIS\ArcToolbox\Toolboxes\Data Management Tools.tbx\DefineProjection" Date="20100112" Time="145142">DefineProjection "X:\Courses Spring10\CRP408-508\TA\Lab 3\Lab3_data_\roads_cl.shp" PROJCS['NAD_1983_StatePlane_New_York_Central_FIPS_3102_Feet',GEOGCS['GCS_North_American_1983',DATUM['D_North_American_1983',SPHEROID['GRS_1980',6378137.0,298.257222101]],PRIMEM['Greenwich',0.0],UNIT['Degree',0.0174532925199433]],PROJECTION['Transverse_Mercator'],PARAMETER['False_Easting',820208.3333333333],PARAMETER['False_Northing',0.0],PARAMETER['Central_Meridian',-76.58333333333333],PARAMETER['Scale_Factor',0.9999375],PARAMETER['Latitude_Of_Origin',40.0],UNIT['Foot_US',0.3048006096012192]] "X:\Courses Spring10\CRP408-508\TA\Lab 3\Lab3_data_\roads_cl.shp"</Process><Process ToolSource="C:\Program Files\ArcGIS\ArcToolbox\Toolboxes\Data Management Tools.tbx\DefineProjection" Date="20100112" Time="145441">DefineProjection "X:\Courses Spring10\CRP408-508\TA\Lab 3\Lab3_data_\roads_cl.shp" PROJCS['NAD_1983_StatePlane_New_York_Central_FIPS_3102_Feet',GEOGCS['GCS_North_American_1983',DATUM['D_North_American_1983',SPHEROID['GRS_1980',6378137.0,298.257222101]],PRIMEM['Greenwich',0.0],UNIT['Degree',0.0174532925199433]],PROJECTION['Transverse_Mercator'],PARAMETER['False_Easting',820208.3333333333],PARAMETER['False_Northing',0.0],PARAMETER['Central_Meridian',-76.58333333333333],PARAMETER['Scale_Factor',0.9999375],PARAMETER['Latitude_Of_Origin',40.0],UNIT['Foot_US',0.3048006096012192]] "X:\Courses Spring10\CRP408-508\TA\Lab 3\Lab3_data_\roads_cl.shp"</Process><Process ToolSource="c:\program files\arcgis\pro\Resources\ArcToolbox\toolboxes\Data Management Tools.tbx\DefineProjection" Date="20230914" Time="144607">DefineProjection roads_cl PROJCS["NAD_1983_StatePlane_New_York_Central_FIPS_3102_Feet",GEOGCS["GCS_North_American_1983",DATUM["D_North_American_1983",SPHEROID["GRS_1980",6378137.0,298.257222101]],PRIMEM["Greenwich",0.0],UNIT["Degree",0.0174532925199433]],PROJECTION["Transverse_Mercator"],PARAMETER["False_Easting",820208.3333333333],PARAMETER["False_Northing",0.0],PARAMETER["Central_Meridian",-76.58333333333333],PARAMETER["Scale_Factor",0.9999375],PARAMETER["Latitude_Of_Origin",40.0],UNIT["Foot_US",0.3048006096012192]]</Process><Process ToolSource="c:\program files\arcgis\pro\Resources\ArcToolbox\toolboxes\Conversion Tools.tbx\FeatureClassToFeatureClass" Date="20230914" Time="144653">FeatureClassToFeatureClass roads_cl C:\Users\sjs96\Desktop\Lab4_data_update\Lab4_data TCroads.shp # "FNODE_ "FNODE_" true true false 9 Long 0 9,First,#,roads_cl,FNODE_,-1,-1;TNODE_ "TNODE_" true true false 9 Long 0 9,First,#,roads_cl,TNODE_,-1,-1;LPOLY_ "LPOLY_" true true false 9 Long 0 9,First,#,roads_cl,LPOLY_,-1,-1;RPOLY_ "RPOLY_" true true false 9 Long 0 9,First,#,roads_cl,RPOLY_,-1,-1;LENGTH "LENGTH" true true false 9 Double 3 8,First,#,roads_cl,LENGTH,-1,-1;ROADCL_ "ROADCL_" true true false 9 Long 0 9,First,#,roads_cl,ROADCL_,-1,-1;ROADCL_ID "ROADCL_ID" true true false 9 Long 0 9,First,#,roads_cl,ROADCL_ID,-1,-1;OLDID "OLDID" true true false 9 Long 0 9,First,#,roads_cl,OLDID,-1,-1;ROADID "ROADID" true true false 9 Long 0 9,First,#,roads_cl,ROADID,-1,-1;TMODELID "TMODELID" true true false 9 Long 0 9,First,#,roads_cl,TMODELID,-1,-1;TIGERID "TIGERID" true true false 11 Text 0 0,First,#,roads_cl,TIGERID,0,11;RSMSID "RSMSID" true true false 11 Text 0 0,First,#,roads_cl,RSMSID,0,11;LHIID "LHIID" true true false 11 Text 0 0,First,#,roads_cl,LHIID,0,11;NAME "NAME" true true false 50 Text 0 0,First,#,roads_cl,NAME,0,50;ALTNAME "ALTNAME" true true false 50 Text 0 0,First,#,roads_cl,ALTNAME,0,50;ROUTETYPE "ROUTETYPE" true true false 9 Long 0 9,First,#,roads_cl,ROUTETYPE,-1,-1;MAINTNANCE "MAINTNANCE" true true false 9 Long 0 9,First,#,roads_cl,MAINTNANCE,-1,-1;ROUTE "ROUTE" true true false 15 Text 0 0,First,#,roads_cl,ROUTE,0,15;ACCESS "ACCESS" true true false 9 Long 0 9,First,#,roads_cl,ACCESS,-1,-1;JURISDIC "JURISDIC" true true false 35 Text 0 0,First,#,roads_cl,JURISDIC,0,35;TAZ "TAZ" true true false 9 Long 0 9,First,#,roads_cl,TAZ,-1,-1;AREATYPE "AREATYPE" true true false 60 Text 0 0,First,#,roads_cl,AREATYPE,0,60;HISTRCNAME "HISTRCNAME" true true false 50 Text 0 0,First,#,roads_cl,HISTRCNAME,0,50;HISTRCRTE "HISTRCRTE" true true false 25 Text 0 0,First,#,roads_cl,HISTRCRTE,0,25;NODEA "NODEA" true true false 50 Text 0 0,First,#,roads_cl,NODEA,0,50;NODENOA "NODENOA" true true false 9 Long 0 9,First,#,roads_cl,NODENOA,-1,-1;NODEB "NODEB" true true false 50 Text 0 0,First,#,roads_cl,NODEB,0,50;NODENOB "NODENOB" true true false 9 Long 0 9,First,#,roads_cl,NODENOB,-1,-1;SIGNALA "SIGNALA" true true false 9 Long 0 9,First,#,roads_cl,SIGNALA,-1,-1;STRA "STRA" true true false 9 Long 0 9,First,#,roads_cl,STRA,-1,-1;TURNLANESA "TURNLANESA" true true false 9 Long 0 9,First,#,roads_cl,TURNLANESA,-1,-1;TURNARROWA "TURNARROWA" true true false 9 Long 0 9,First,#,roads_cl,TURNARROWA,-1,-1;SIGNALB "SIGNALB" true true false 9 Long 0 9,First,#,roads_cl,SIGNALB,-1,-1;STRB "STRB" true true false 9 Long 0 9,First,#,roads_cl,STRB,-1,-1;TURNLANESB "TURNLANESB" true true false 9 Long 0 9,First,#,roads_cl,TURNLANESB,-1,-1;TURNARROWB "TURNARROWB" true true false 9 Long 0 9,First,#,roads_cl,TURNARROWB,-1,-1;DIRECTION "DIRECTION" true true false 9 Long 0 9,First,#,roads_cl,DIRECTION,-1,-1;LANESAB "LANESAB" true true false 19 Double 3 18,First,#,roads_cl,LANESAB,-1,-1;LANESBA "LANESBA" true true false 19 Double 3 18,First,#,roads_cl,LANESBA,-1,-1;TOTALANES "TOTALANES" true true false 19 Double 3 18,First,#,roads_cl,TOTALANES,-1,-1;SPEED "SPEED" true true false 9 Long 0 9,First,#,roads_cl,SPEED,-1,-1;SPEEDTYPE "SPEEDTYPE" true true false 9 Long 0 9,First,#,roads_cl,SPEEDTYPE,-1,-1;FREESPEED "FREESPEED" true true false 9 Long 0 9,First,#,roads_cl,FREESPEED,-1,-1;TRAVELTIME "TRAVELTIME" true true false 19 Double 3 18,First,#,roads_cl,TRAVELTIME,-1,-1;PARKING "PARKING" true true false 9 Long 0 9,First,#,roads_cl,PARKING,-1,-1;METER "METER" true true false 9 Long 0 9,First,#,roads_cl,METER,-1,-1;PARKGREGL "PARKGREGL" true true false 9 Long 0 9,First,#,roads_cl,PARKGREGL,-1,-1;PARKGREGR "PARKGREGR" true true false 9 Long 0 9,First,#,roads_cl,PARKGREGR,-1,-1;SIDEWALKS "SIDEWALKS" true true false 9 Long 0 9,First,#,roads_cl,SIDEWALKS,-1,-1;DRAINAGE "DRAINAGE" true true false 9 Long 0 9,First,#,roads_cl,DRAINAGE,-1,-1;PTYPE "PTYPE" true true false 9 Long 0 9,First,#,roads_cl,PTYPE,-1,-1;PWIDTHIN "PWIDTHIN" true true false 9 Long 0 9,First,#,roads_cl,PWIDTHIN,-1,-1;PWIDTHOUT "PWIDTHOUT" true true false 9 Long 0 9,First,#,roads_cl,PWIDTHOUT,-1,-1;FCLASS1990 "FCLASS1990" true true false 9 Long 0 9,First,#,roads_cl,FCLASS1990,-1,-1;FCLASS "FCLASS" true true false 9 Long 0 9,First,#,roads_cl,FCLASS,-1,-1;TRANSIT "TRANSIT" true true false 9 Long 0 9,First,#,roads_cl,TRANSIT,-1,-1;OLDCOMMENT "OLDCOMMENT" true true false 9 Long 0 9,First,#,roads_cl,OLDCOMMENT,-1,-1;COMMENTS "COMMENTS" true true false 60 Text 0 0,First,#,roads_cl,COMMENTS,0,60;OLDATE "OLDATE" true true false 8 Text 0 0,First,#,roads_cl,OLDATE,0,8;DATE "DATE" true true false 8 Date 0 0,First,#,roads_cl,DATE,-1,-1;CREATION "CREATION" true true false 3 Text 0 0,First,#,roads_cl,CREATION,0,3" #</Process></lineage><itemProps><itemName Sync="TRUE">TCroads</itemName><imsContentType Sync="TRUE">002</imsContentType><itemSize Sync="TRUE">0.000</itemSize><itemLocation><linkage Sync="TRUE">file://\\AR-SJS96-SL\C$\Users\sjs96\Desktop\Lab4_data_update\Lab4_data\TCroads.shp</linkage><protocol Sync="TRUE">Local Area Network</protocol></itemLocation></itemProps><coordRef><type Sync="TRUE">Projected</type><geogcsn Sync="TRUE">GCS_North_American_1983</geogcsn><csUnits Sync="TRUE">Linear Unit: Foot_US (0.304801)</csUnits><projcsn Sync="TRUE">NAD_1983_StatePlane_New_York_Central_FIPS_3102_Feet</projcsn><peXml Sync="TRUE">&lt;ProjectedCoordinateSystem xsi:type='typens:ProjectedCoordinateSystem' xmlns:xsi='http://www.w3.org/2001/XMLSchema-instance' xmlns:xs='http://www.w3.org/2001/XMLSchema' xmlns:typens='http://www.esri.com/schemas/ArcGIS/2.9.0'&gt;&lt;WKT&gt;PROJCS[&amp;quot;NAD_1983_StatePlane_New_York_Central_FIPS_3102_Feet&amp;quot;,GEOGCS[&amp;quot;GCS_North_American_1983&amp;quot;,DATUM[&amp;quot;D_North_American_1983&amp;quot;,SPHEROID[&amp;quot;GRS_1980&amp;quot;,6378137.0,298.257222101]],PRIMEM[&amp;quot;Greenwich&amp;quot;,0.0],UNIT[&amp;quot;Degree&amp;quot;,0.0174532925199433]],PROJECTION[&amp;quot;Transverse_Mercator&amp;quot;],PARAMETER[&amp;quot;False_Easting&amp;quot;,820208.3333333333],PARAMETER[&amp;quot;False_Northing&amp;quot;,0.0],PARAMETER[&amp;quot;Central_Meridian&amp;quot;,-76.58333333333333],PARAMETER[&amp;quot;Scale_Factor&amp;quot;,0.9999375],PARAMETER[&amp;quot;Latitude_Of_Origin&amp;quot;,40.0],UNIT[&amp;quot;Foot_US&amp;quot;,0.3048006096012192],AUTHORITY[&amp;quot;EPSG&amp;quot;,2261]]&lt;/WKT&gt;&lt;XOrigin&gt;-17627200&lt;/XOrigin&gt;&lt;YOrigin&gt;-47344700&lt;/YOrigin&gt;&lt;XYScale&gt;137250050.35703713&lt;/XYScale&gt;&lt;ZOrigin&gt;-100000&lt;/ZOrigin&gt;&lt;ZScale&gt;10000&lt;/ZScale&gt;&lt;MOrigin&gt;-100000&lt;/MOrigin&gt;&lt;MScale&gt;10000&lt;/MScale&gt;&lt;XYTolerance&gt;0.0032808333333333331&lt;/XYTolerance&gt;&lt;ZTolerance&gt;0.001&lt;/ZTolerance&gt;&lt;MTolerance&gt;0.001&lt;/MTolerance&gt;&lt;HighPrecision&gt;true&lt;/HighPrecision&gt;&lt;WKID&gt;102716&lt;/WKID&gt;&lt;LatestWKID&gt;2261&lt;/LatestWKID&gt;&lt;/ProjectedCoordinateSystem&gt;</peXml></coordRef></DataProperties></Esri><idinfo><native Sync="TRUE">Microsoft Windows XP Version 5.1 (Build 2600) Service Pack 2; ESRI ArcCatalog 9.3.1.3000</native><descript><langdata Sync="TRUE">en</langdata><abstract>REQUIRED: A brief narrative summary of the data set.</abstract><purpose>REQUIRED: A summary of the intentions with which the data set was developed.</purpose></descript><citation><citeinfo><origin>REQUIRED: The name of an organization or individual that developed the data set.</origin><pubdate>REQUIRED: The date when the data set is published or otherwise made available for release.</pubdate><title Sync="TRUE">roads_cl</title><ftname Sync="TRUE">roads_cl</ftname><geoform Sync="TRUE">vector digital data</geoform><onlink Sync="TRUE">\\128.253.41.12\Home2\Courses Fall10\CRP408-508_TA\Lab 3\Lab3_data_\roads_cl.shp</onlink></citeinfo></citation><timeperd><current>REQUIRED: The basis on which the time period of content information is determined.</current><timeinfo><sngdate><caldate>REQUIRED: The year (and optionally month, or month and day) for which the data set corresponds to the ground.</caldate></sngdate></timeinfo></timeperd><status><progress>REQUIRED: The state of the data set.</progress><update>REQUIRED: The frequency with which changes and additions are made to the data set after the initial data set is completed.</update></status><spdom><bounding><westbc Sync="TRUE">-76.696572</westbc><eastbc Sync="TRUE">-76.245299</eastbc><northbc Sync="TRUE">42.627488</northbc><southbc Sync="TRUE">42.262406</southbc></bounding><lboundng><leftbc Sync="TRUE">789733.937500</leftbc><rightbc Sync="TRUE">911179.625000</rightbc><bottombc Sync="TRUE">824453.187500</bottombc><topbc Sync="TRUE">957316.375000</topbc></lboundng></spdom><keywords><theme><themekt>REQUIRED: Reference to a formally registered thesaurus or a similar authoritative source of theme keywords.</themekt><themekey>REQUIRED: Common-use word or phrase used to describe the subject of the data set.</themekey></theme></keywords><accconst>REQUIRED: Restrictions and legal prerequisites for accessing the data set.</accconst><useconst>REQUIRED: Restrictions and legal prerequisites for using the data set after access is granted.</useconst><natvform Sync="TRUE">Shapefile</natvform></idinfo><dataIdInfo><envirDesc Sync="TRUE">Microsoft Windows 10 Version 10.0 (Build 22000) ; Esri ArcGIS 12.9.0.32739</envirDesc><dataLang><languageCode Sync="TRUE" value="eng"></languageCode><countryCode value="USA" Sync="TRUE"></countryCode></dataLang><idCitation><resTitle Sync="TRUE">TCroads</resTitle><presForm><PresFormCd Sync="TRUE" value="005"></PresFormCd></presForm></idCitation><spatRpType><SpatRepTypCd Sync="TRUE" value="001"></SpatRepTypCd></spatRpType><dataExt><geoEle><GeoBndBox esriExtentType="native"><westBL Sync="TRUE">789733.9375</westBL><eastBL Sync="TRUE">911179.625</eastBL><northBL Sync="TRUE">957316.375</northBL><southBL Sync="TRUE">824453.1875</southBL><exTypeCode Sync="TRUE">1</exTypeCode></GeoBndBox></geoEle></dataExt><geoBox esriExtentType="decdegrees"><westBL Sync="TRUE">-76.696572</westBL><eastBL Sync="TRUE">-76.245299</eastBL><northBL Sync="TRUE">42.627488</northBL><southBL Sync="TRUE">42.262406</southBL><exTypeCode Sync="TRUE">1</exTypeCode></geoBox></dataIdInfo><metainfo><langmeta Sync="TRUE">en</langmeta><metstdn Sync="TRUE">FGDC Content Standards for Digital Geospatial Metadata</metstdn><metstdv Sync="TRUE">FGDC-STD-001-1998</metstdv><mettc Sync="TRUE">local time</mettc><metc><cntinfo><cntorgp><cntper>REQUIRED: The person responsible for the metadata information.</cntper><cntorg>REQUIRED: The organization responsible for the metadata information.</cntorg></cntorgp><cntaddr><addrtype>REQUIRED: The mailing and/or physical address for the organization or individual.</addrtype><city>REQUIRED: The city of the address.</city><state>REQUIRED: The state or province of the address.</state><postal>REQUIRED: The ZIP or other postal code of the address.</postal></cntaddr><cntvoice>REQUIRED: The telephone number by which individuals can speak to the organization or individual.</cntvoice></cntinfo></metc><metd Sync="TRUE">20100910</metd></metainfo><mdLang><languageCode Sync="TRUE" value="eng"></languageCode><countryCode value="USA" Sync="TRUE"></countryCode></mdLang><mdStanName Sync="TRUE">ISO 19115 Geographic Information - Metadata</mdStanName><mdStanVer Sync="TRUE">DIS_ESRI1.0</mdStanVer><mdChar><CharSetCd Sync="TRUE" value="004"></CharSetCd></mdChar><mdHrLv><ScopeCd Sync="TRUE" value="005"></ScopeCd></mdHrLv><mdHrLvName Sync="TRUE">dataset</mdHrLvName><distinfo><resdesc Sync="TRUE">Downloadable Data</resdesc><stdorder><digform><digtinfo><transize Sync="TRUE">1.633</transize><dssize Sync="TRUE">1.633</dssize></digtinfo></digform></stdorder></distinfo><distInfo><distributor><distorTran><onLineSrc><orDesc Sync="TRUE">002</orDesc><linkage Sync="TRUE">file://\\128.253.41.12\Home2\Courses Fall10\CRP408-508_TA\Lab 3\Lab3_data_\roads_cl.shp</linkage><protocol Sync="TRUE">Local Area Network</protocol></onLineSrc><transSize Sync="TRUE">1.633</transSize></distorTran><distorFormat><formatName Sync="TRUE">Shapefile</formatName></distorFormat></distributor><distFormat><formatName Sync="TRUE">Shapefile</formatName></distFormat><distTranOps><transSize Sync="TRUE">0.000</transSize></distTranOps></distInfo><spdoinfo><direct Sync="TRUE">Vector</direct><ptvctinf><esriterm Name="TCroads"><efeatyp Sync="TRUE">Simple</efeatyp><efeageom code="3" Sync="TRUE"></efeageom><esritopo Sync="TRUE">FALSE</esritopo><efeacnt Sync="TRUE">0</efeacnt><spindex Sync="TRUE">FALSE</spindex><linrefer Sync="TRUE">FALSE</linrefer></esriterm></ptvctinf></spdoinfo><spatRepInfo><VectSpatRep><geometObjs Name="TCroads"><geoObjTyp><GeoObjTypCd value="002" Sync="TRUE"></GeoObjTypCd></geoObjTyp><geoObjCnt Sync="TRUE">0</geoObjCnt></geometObjs><topLvl><TopoLevCd value="001" Sync="TRUE"></TopoLevCd></topLvl></VectSpatRep></spatRepInfo><eainfo><detailed Name="TCroads"><enttyp><enttypl Sync="TRUE">TCroads</enttypl><enttypt Sync="TRUE">Feature Class</enttypt><enttypc Sync="TRUE">0</enttypc></enttyp><attr><attrlabl Sync="TRUE">FID</attrlabl><attalias Sync="TRUE">FID</attalias><attrtype Sync="TRUE">OID</attrtype><attwidth Sync="TRUE">4</attwidth><atprecis Sync="TRUE">0</atprecis><attscale Sync="TRUE">0</attscale><attrdef Sync="TRUE">Internal feature number.</attrdef><attrdefs Sync="TRUE">ESRI</attrdefs><attrdomv><udom Sync="TRUE">Sequential unique whole numbers that are automatically generated.</udom></attrdomv></attr><attr><attrlabl Sync="TRUE">Shape</attrlabl><attalias Sync="TRUE">Shape</attalias><attrtype Sync="TRUE">Geometry</attrtype><attwidth Sync="TRUE">0</attwidth><atprecis Sync="TRUE">0</atprecis><attscale Sync="TRUE">0</attscale><attrdef Sync="TRUE">Feature geometry.</attrdef><attrdefs Sync="TRUE">ESRI</attrdefs><attrdomv><udom Sync="TRUE">Coordinates defining the features.</udom></attrdomv></attr><attr><attrlabl Sync="TRUE">FNODE_</attrlabl><attalias Sync="TRUE">FNODE_</attalias><attrtype Sync="TRUE">Integer</attrtype><attwidth Sync="TRUE">9</attwidth><atprecis Sync="TRUE">9</atprecis><attscale Sync="TRUE">0</attscale></attr><attr><attrlabl Sync="TRUE">TNODE_</attrlabl><attalias Sync="TRUE">TNODE_</attalias><attrtype Sync="TRUE">Integer</attrtype><attwidth Sync="TRUE">9</attwidth><atprecis Sync="TRUE">9</atprecis><attscale Sync="TRUE">0</attscale></attr><attr><attrlabl Sync="TRUE">LPOLY_</attrlabl><attalias Sync="TRUE">LPOLY_</attalias><attrtype Sync="TRUE">Integer</attrtype><attwidth Sync="TRUE">9</attwidth><atprecis Sync="TRUE">9</atprecis><attscale Sync="TRUE">0</attscale></attr><attr><attrlabl Sync="TRUE">RPOLY_</attrlabl><attalias Sync="TRUE">RPOLY_</attalias><attrtype Sync="TRUE">Integer</attrtype><attwidth Sync="TRUE">9</attwidth><atprecis Sync="TRUE">9</atprecis><attscale Sync="TRUE">0</attscale></attr><attr><attrlabl Sync="TRUE">LENGTH</attrlabl><attalias Sync="TRUE">LENGTH</attalias><attrtype Sync="TRUE">Double</attrtype><attwidth Sync="TRUE">9</attwidth><atprecis Sync="TRUE">8</atprecis><attscale Sync="TRUE">3</attscale></attr><attr><attrlabl Sync="TRUE">ROADCL_</attrlabl><attalias Sync="TRUE">ROADCL_</attalias><attrtype Sync="TRUE">Integer</attrtype><attwidth Sync="TRUE">9</attwidth><atprecis Sync="TRUE">9</atprecis><attscale Sync="TRUE">0</attscale></attr><attr><attrlabl Sync="TRUE">ROADCL_ID</attrlabl><attalias Sync="TRUE">ROADCL_ID</attalias><attrtype Sync="TRUE">Integer</attrtype><attwidth Sync="TRUE">9</attwidth><atprecis Sync="TRUE">9</atprecis><attscale Sync="TRUE">0</attscale></attr><attr><attrlabl Sync="TRUE">OLDID</attrlabl><attalias Sync="TRUE">OLDID</attalias><attrtype Sync="TRUE">Integer</attrtype><attwidth Sync="TRUE">9</attwidth><atprecis Sync="TRUE">9</atprecis><attscale Sync="TRUE">0</attscale></attr><attr><attrlabl Sync="TRUE">ROADID</attrlabl><attalias Sync="TRUE">ROADID</attalias><attrtype Sync="TRUE">Integer</attrtype><attwidth Sync="TRUE">9</attwidth><atprecis Sync="TRUE">9</atprecis><attscale Sync="TRUE">0</attscale></attr><attr><attrlabl Sync="TRUE">TMODELID</attrlabl><attalias Sync="TRUE">TMODELID</attalias><attrtype Sync="TRUE">Integer</attrtype><attwidth Sync="TRUE">9</attwidth><atprecis Sync="TRUE">9</atprecis><attscale Sync="TRUE">0</attscale></attr><attr><attrlabl Sync="TRUE">TIGERID</attrlabl><attalias Sync="TRUE">TIGERID</attalias><attrtype Sync="TRUE">String</attrtype><attwidth Sync="TRUE">11</attwidth><atprecis Sync="TRUE">0</atprecis><attscale Sync="TRUE">0</attscale></attr><attr><attrlabl Sync="TRUE">RSMSID</attrlabl><attalias Sync="TRUE">RSMSID</attalias><attrtype Sync="TRUE">String</attrtype><attwidth Sync="TRUE">11</attwidth><atprecis Sync="TRUE">0</atprecis><attscale Sync="TRUE">0</attscale></attr><attr><attrlabl Sync="TRUE">LHIID</attrlabl><attalias Sync="TRUE">LHIID</attalias><attrtype Sync="TRUE">String</attrtype><attwidth Sync="TRUE">11</attwidth><atprecis Sync="TRUE">0</atprecis><attscale Sync="TRUE">0</attscale></attr><attr><attrlabl Sync="TRUE">NAME</attrlabl><attalias Sync="TRUE">NAME</attalias><attrtype Sync="TRUE">String</attrtype><attwidth Sync="TRUE">50</attwidth><atprecis Sync="TRUE">0</atprecis><attscale Sync="TRUE">0</attscale></attr><attr><attrlabl Sync="TRUE">ALTNAME</attrlabl><attalias Sync="TRUE">ALTNAME</attalias><attrtype Sync="TRUE">String</attrtype><attwidth Sync="TRUE">50</attwidth><atprecis Sync="TRUE">0</atprecis><attscale Sync="TRUE">0</attscale></attr><attr><attrlabl Sync="TRUE">ROUTETYPE</attrlabl><attalias Sync="TRUE">ROUTETYPE</attalias><attrtype Sync="TRUE">Integer</attrtype><attwidth Sync="TRUE">9</attwidth><atprecis Sync="TRUE">9</atprecis><attscale Sync="TRUE">0</attscale></attr><attr><attrlabl Sync="TRUE">MAINTNANCE</attrlabl><attalias Sync="TRUE">MAINTNANCE</attalias><attrtype Sync="TRUE">Integer</attrtype><attwidth Sync="TRUE">9</attwidth><atprecis Sync="TRUE">9</atprecis><attscale Sync="TRUE">0</attscale></attr><attr><attrlabl Sync="TRUE">ROUTE</attrlabl><attalias Sync="TRUE">ROUTE</attalias><attrtype Sync="TRUE">String</attrtype><attwidth Sync="TRUE">15</attwidth><atprecis Sync="TRUE">0</atprecis><attscale Sync="TRUE">0</attscale></attr><attr><attrlabl Sync="TRUE">ACCESS</attrlabl><attalias Sync="TRUE">ACCESS</attalias><attrtype Sync="TRUE">Integer</attrtype><attwidth Sync="TRUE">9</attwidth><atprecis Sync="TRUE">9</atprecis><attscale Sync="TRUE">0</attscale></attr><attr><attrlabl Sync="TRUE">JURISDIC</attrlabl><attalias Sync="TRUE">JURISDIC</attalias><attrtype Sync="TRUE">String</attrtype><attwidth Sync="TRUE">35</attwidth><atprecis Sync="TRUE">0</atprecis><attscale Sync="TRUE">0</attscale></attr><attr><attrlabl Sync="TRUE">TAZ</attrlabl><attalias Sync="TRUE">TAZ</attalias><attrtype Sync="TRUE">Integer</attrtype><attwidth Sync="TRUE">9</attwidth><atprecis Sync="TRUE">9</atprecis><attscale Sync="TRUE">0</attscale></attr><attr><attrlabl Sync="TRUE">AREATYPE</attrlabl><attalias Sync="TRUE">AREATYPE</attalias><attrtype Sync="TRUE">String</attrtype><attwidth Sync="TRUE">60</attwidth><atprecis Sync="TRUE">0</atprecis><attscale Sync="TRUE">0</attscale></attr><attr><attrlabl Sync="TRUE">HISTRCNAME</attrlabl><attalias Sync="TRUE">HISTRCNAME</attalias><attrtype Sync="TRUE">String</attrtype><attwidth Sync="TRUE">50</attwidth><atprecis Sync="TRUE">0</atprecis><attscale Sync="TRUE">0</attscale></attr><attr><attrlabl Sync="TRUE">HISTRCRTE</attrlabl><attalias Sync="TRUE">HISTRCRTE</attalias><attrtype Sync="TRUE">String</attrtype><attwidth Sync="TRUE">25</attwidth><atprecis Sync="TRUE">0</atprecis><attscale Sync="TRUE">0</attscale></attr><attr><attrlabl Sync="TRUE">NODEA</attrlabl><attalias Sync="TRUE">NODEA</attalias><attrtype Sync="TRUE">String</attrtype><attwidth Sync="TRUE">50</attwidth><atprecis Sync="TRUE">0</atprecis><attscale Sync="TRUE">0</attscale></attr><attr><attrlabl Sync="TRUE">NODENOA</attrlabl><attalias Sync="TRUE">NODENOA</attalias><attrtype Sync="TRUE">Integer</attrtype><attwidth Sync="TRUE">9</attwidth><atprecis Sync="TRUE">9</atprecis><attscale Sync="TRUE">0</attscale></attr><attr><attrlabl Sync="TRUE">NODEB</attrlabl><attalias Sync="TRUE">NODEB</attalias><attrtype Sync="TRUE">String</attrtype><attwidth Sync="TRUE">50</attwidth><atprecis Sync="TRUE">0</atprecis><attscale Sync="TRUE">0</attscale></attr><attr><attrlabl Sync="TRUE">NODENOB</attrlabl><attalias Sync="TRUE">NODENOB</attalias><attrtype Sync="TRUE">Integer</attrtype><attwidth Sync="TRUE">9</attwidth><atprecis Sync="TRUE">9</atprecis><attscale Sync="TRUE">0</attscale></attr><attr><attrlabl Sync="TRUE">SIGNALA</attrlabl><attalias Sync="TRUE">SIGNALA</attalias><attrtype Sync="TRUE">Integer</attrtype><attwidth Sync="TRUE">9</attwidth><atprecis Sync="TRUE">9</atprecis><attscale Sync="TRUE">0</attscale></attr><attr><attrlabl Sync="TRUE">STRA</attrlabl><attalias Sync="TRUE">STRA</attalias><attrtype Sync="TRUE">Integer</attrtype><attwidth Sync="TRUE">9</attwidth><atprecis Sync="TRUE">9</atprecis><attscale Sync="TRUE">0</attscale></attr><attr><attrlabl Sync="TRUE">TURNLANESA</attrlabl><attalias Sync="TRUE">TURNLANESA</attalias><attrtype Sync="TRUE">Integer</attrtype><attwidth Sync="TRUE">9</attwidth><atprecis Sync="TRUE">9</atprecis><attscale Sync="TRUE">0</attscale></attr><attr><attrlabl Sync="TRUE">TURNARROWA</attrlabl><attalias Sync="TRUE">TURNARROWA</attalias><attrtype Sync="TRUE">Integer</attrtype><attwidth Sync="TRUE">9</attwidth><atprecis Sync="TRUE">9</atprecis><attscale Sync="TRUE">0</attscale></attr><attr><attrlabl Sync="TRUE">SIGNALB</attrlabl><attalias Sync="TRUE">SIGNALB</attalias><attrtype Sync="TRUE">Integer</attrtype><attwidth Sync="TRUE">9</attwidth><atprecis Sync="TRUE">9</atprecis><attscale Sync="TRUE">0</attscale></attr><attr><attrlabl Sync="TRUE">STRB</attrlabl><attalias Sync="TRUE">STRB</attalias><attrtype Sync="TRUE">Integer</attrtype><attwidth Sync="TRUE">9</attwidth><atprecis Sync="TRUE">9</atprecis><attscale Sync="TRUE">0</attscale></attr><attr><attrlabl Sync="TRUE">TURNLANESB</attrlabl><attalias Sync="TRUE">TURNLANESB</attalias><attrtype Sync="TRUE">Integer</attrtype><attwidth Sync="TRUE">9</attwidth><atprecis Sync="TRUE">9</atprecis><attscale Sync="TRUE">0</attscale></attr><attr><attrlabl Sync="TRUE">TURNARROWB</attrlabl><attalias Sync="TRUE">TURNARROWB</attalias><attrtype Sync="TRUE">Integer</attrtype><attwidth Sync="TRUE">9</attwidth><atprecis Sync="TRUE">9</atprecis><attscale Sync="TRUE">0</attscale></attr><attr><attrlabl Sync="TRUE">DIRECTION</attrlabl><attalias Sync="TRUE">DIRECTION</attalias><attrtype Sync="TRUE">Integer</attrtype><attwidth Sync="TRUE">9</attwidth><atprecis Sync="TRUE">9</atprecis><attscale Sync="TRUE">0</attscale></attr><attr><attrlabl Sync="TRUE">LANESAB</attrlabl><attalias Sync="TRUE">LANESAB</attalias><attrtype Sync="TRUE">Double</attrtype><attwidth Sync="TRUE">19</attwidth><atprecis Sync="TRUE">18</atprecis><attscale Sync="TRUE">3</attscale></attr><attr><attrlabl Sync="TRUE">LANESBA</attrlabl><attalias Sync="TRUE">LANESBA</attalias><attrtype Sync="TRUE">Double</attrtype><attwidth Sync="TRUE">19</attwidth><atprecis Sync="TRUE">18</atprecis><attscale Sync="TRUE">3</attscale></attr><attr><attrlabl Sync="TRUE">TOTALANES</attrlabl><attalias Sync="TRUE">TOTALANES</attalias><attrtype Sync="TRUE">Double</attrtype><attwidth Sync="TRUE">19</attwidth><atprecis Sync="TRUE">18</atprecis><attscale Sync="TRUE">3</attscale></attr><attr><attrlabl Sync="TRUE">SPEED</attrlabl><attalias Sync="TRUE">SPEED</attalias><attrtype Sync="TRUE">Integer</attrtype><attwidth Sync="TRUE">9</attwidth><atprecis Sync="TRUE">9</atprecis><attscale Sync="TRUE">0</attscale></attr><attr><attrlabl Sync="TRUE">SPEEDTYPE</attrlabl><attalias Sync="TRUE">SPEEDTYPE</attalias><attrtype Sync="TRUE">Integer</attrtype><attwidth Sync="TRUE">9</attwidth><atprecis Sync="TRUE">9</atprecis><attscale Sync="TRUE">0</attscale></attr><attr><attrlabl Sync="TRUE">FREESPEED</attrlabl><attalias Sync="TRUE">FREESPEED</attalias><attrtype Sync="TRUE">Integer</attrtype><attwidth Sync="TRUE">9</attwidth><atprecis Sync="TRUE">9</atprecis><attscale Sync="TRUE">0</attscale></attr><attr><attrlabl Sync="TRUE">TRAVELTIME</attrlabl><attalias Sync="TRUE">TRAVELTIME</attalias><attrtype Sync="TRUE">Double</attrtype><attwidth Sync="TRUE">19</attwidth><atprecis Sync="TRUE">18</atprecis><attscale Sync="TRUE">3</attscale></attr><attr><attrlabl Sync="TRUE">PARKING</attrlabl><attalias Sync="TRUE">PARKING</attalias><attrtype Sync="TRUE">Integer</attrtype><attwidth Sync="TRUE">9</attwidth><atprecis Sync="TRUE">9</atprecis><attscale Sync="TRUE">0</attscale></attr><attr><attrlabl Sync="TRUE">METER</attrlabl><attalias Sync="TRUE">METER</attalias><attrtype Sync="TRUE">Integer</attrtype><attwidth Sync="TRUE">9</attwidth><atprecis Sync="TRUE">9</atprecis><attscale Sync="TRUE">0</attscale></attr><attr><attrlabl Sync="TRUE">PARKGREGL</attrlabl><attalias Sync="TRUE">PARKGREGL</attalias><attrtype Sync="TRUE">Integer</attrtype><attwidth Sync="TRUE">9</attwidth><atprecis Sync="TRUE">9</atprecis><attscale Sync="TRUE">0</attscale></attr><attr><attrlabl Sync="TRUE">PARKGREGR</attrlabl><attalias Sync="TRUE">PARKGREGR</attalias><attrtype Sync="TRUE">Integer</attrtype><attwidth Sync="TRUE">9</attwidth><atprecis Sync="TRUE">9</atprecis><attscale Sync="TRUE">0</attscale></attr><attr><attrlabl Sync="TRUE">SIDEWALKS</attrlabl><attalias Sync="TRUE">SIDEWALKS</attalias><attrtype Sync="TRUE">Integer</attrtype><attwidth Sync="TRUE">9</attwidth><atprecis Sync="TRUE">9</atprecis><attscale Sync="TRUE">0</attscale></attr><attr><attrlabl Sync="TRUE">DRAINAGE</attrlabl><attalias Sync="TRUE">DRAINAGE</attalias><attrtype Sync="TRUE">Integer</attrtype><attwidth Sync="TRUE">9</attwidth><atprecis Sync="TRUE">9</atprecis><attscale Sync="TRUE">0</attscale></attr><attr><attrlabl Sync="TRUE">PTYPE</attrlabl><attalias Sync="TRUE">PTYPE</attalias><attrtype Sync="TRUE">Integer</attrtype><attwidth Sync="TRUE">9</attwidth><atprecis Sync="TRUE">9</atprecis><attscale Sync="TRUE">0</attscale></attr><attr><attrlabl Sync="TRUE">PWIDTHIN</attrlabl><attalias Sync="TRUE">PWIDTHIN</attalias><attrtype Sync="TRUE">Integer</attrtype><attwidth Sync="TRUE">9</attwidth><atprecis Sync="TRUE">9</atprecis><attscale Sync="TRUE">0</attscale></attr><attr><attrlabl Sync="TRUE">PWIDTHOUT</attrlabl><attalias Sync="TRUE">PWIDTHOUT</attalias><attrtype Sync="TRUE">Integer</attrtype><attwidth Sync="TRUE">9</attwidth><atprecis Sync="TRUE">9</atprecis><attscale Sync="TRUE">0</attscale></attr><attr><attrlabl Sync="TRUE">FCLASS1990</attrlabl><attalias Sync="TRUE">FCLASS1990</attalias><attrtype Sync="TRUE">Integer</attrtype><attwidth Sync="TRUE">9</attwidth><atprecis Sync="TRUE">9</atprecis><attscale Sync="TRUE">0</attscale></attr><attr><attrlabl Sync="TRUE">FCLASS</attrlabl><attalias Sync="TRUE">FCLASS</attalias><attrtype Sync="TRUE">Integer</attrtype><attwidth Sync="TRUE">9</attwidth><atprecis Sync="TRUE">9</atprecis><attscale Sync="TRUE">0</attscale></attr><attr><attrlabl Sync="TRUE">TRANSIT</attrlabl><attalias Sync="TRUE">TRANSIT</attalias><attrtype Sync="TRUE">Integer</attrtype><attwidth Sync="TRUE">9</attwidth><atprecis Sync="TRUE">9</atprecis><attscale Sync="TRUE">0</attscale></attr><attr><attrlabl Sync="TRUE">OLDCOMMENT</attrlabl><attalias Sync="TRUE">OLDCOMMENT</attalias><attrtype Sync="TRUE">Integer</attrtype><attwidth Sync="TRUE">9</attwidth><atprecis Sync="TRUE">9</atprecis><attscale Sync="TRUE">0</attscale></attr><attr><attrlabl Sync="TRUE">COMMENTS</attrlabl><attalias Sync="TRUE">COMMENTS</attalias><attrtype Sync="TRUE">String</attrtype><attwidth Sync="TRUE">60</attwidth><atprecis Sync="TRUE">0</atprecis><attscale Sync="TRUE">0</attscale></attr><attr><attrlabl Sync="TRUE">OLDATE</attrlabl><attalias Sync="TRUE">OLDATE</attalias><attrtype Sync="TRUE">String</attrtype><attwidth Sync="TRUE">8</attwidth><atprecis Sync="TRUE">0</atprecis><attscale Sync="TRUE">0</attscale></attr><attr><attrlabl Sync="TRUE">DATE</attrlabl><attalias Sync="TRUE">DATE</attalias><attrtype Sync="TRUE">Date</attrtype><attwidth Sync="TRUE">8</attwidth><atprecis Sync="TRUE">0</atprecis><attscale Sync="TRUE">0</attscale></attr><attr><attrlabl Sync="TRUE">CREATION</attrlabl><attalias Sync="TRUE">CREATION</attalias><attrtype Sync="TRUE">String</attrtype><attwidth Sync="TRUE">3</attwidth><atprecis Sync="TRUE">0</atprecis><attscale Sync="TRUE">0</attscale></attr></detailed></eainfo><mdDateSt Sync="TRUE">20230914</mdDateSt><spref><horizsys><cordsysn><geogcsn Sync="TRUE">GCS_North_American_1983</geogcsn><projcsn Sync="TRUE">NAD_1983_StatePlane_New_York_Central_FIPS_3102_Feet</projcsn></cordsysn><planar><planci><plance Sync="TRUE">coordinate pair</plance><plandu Sync="TRUE">survey feet</plandu><coordrep><absres Sync="TRUE">0.000000</absres><ordres Sync="TRUE">0.000000</ordres></coordrep></planci></planar><geodetic><horizdn Sync="TRUE">North American Datum of 1983</horizdn><ellips Sync="TRUE">Geodetic Reference System 80</ellips><semiaxis Sync="TRUE">6378137.000000</semiaxis><denflat Sync="TRUE">298.257222</denflat></geodetic></horizsys></spref><refSysInfo><RefSystem><refSysID><identCode Sync="TRUE" code="2261">NAD_1983_StatePlane_New_York_Central_FIPS_3102_Feet</identCode><idCodeSpace Sync="TRUE">EPSG</idCodeSpace><idVersion Sync="TRUE">5.3(9.0.0)</idVersion></refSysID></RefSystem></refSysInfo></metadata>
